file,verdict,likely_front,failure_cat,max_ring,any_feature_a,flange_hough,total_marks,max_marks_hole,best_circ,top8_circs,n_holes,ok_corners,low_circ_corners,gate_miss_corners,hough_miss_corners,oof_corners
20260906_094755_CAM#000001_NG_NO_FEATURE.jpg,NG_NO_FEATURE,YES,B(hough_miss),3,True,Y,0,0,0.0,0.00|0.00|0.00|0.00|0.00|0.00|0.00|0.00,10,0,0,0,39,1
20260906_094758_CAM#000002_NG_NO_FEATURE.jpg,NG_NO_FEATURE,YES,B(hough_miss),3,True,Y,0,0,0.0,0.00|0.00|0.00|0.00|0.00|0.00|0.00|0.00,10,0,0,1,38,1
20260906_094822_CAM#000003_NG_NO_FEATURE.jpg,NG_NO_FEATURE,YES,B(hough_miss),2,True,Y,0,0,0.0,0.00|0.00|0.00|0.00|0.00|0.00|0.00|0.00,3,0,0,0,12,0
20260906_094831_CAM#000005_NG_NO_FEATURE.jpg,NG_NO_FEATURE,YES,B(hough_miss),3,True,Y,0,0,0.0,0.00|0.00|0.00|0.00|0.00|0.00|0.00|0.00,5,0,0,2,18,0
20260906_094832_CAM#000006_NG_NO_FEATURE.jpg,NG_NO_FEATURE,YES,B(hough_miss),2,True,Y,0,0,0.0,0.00|0.00|0.00|0.00|0.00|0.00|0.00|0.00,9,0,0,1,33,2
20260906_094839_CAM#000008_NG_NO_FEATURE.jpg,NG_NO_FEATURE,YES,B(hough_miss),2,True,Y,0,0,0.0,0.00|0.00|0.00|0.00|0.00|0.00|0.00|0.00,5,0,0,3,17,0
20260906_094854_CAM#000010_NG_NO_FEATURE.jpg,NG_NO_FEATURE,YES,B(hough_miss),2,True,Y,0,0,0.0,0.00|0.00|0.00|0.00|0.00|0.00|0.00|0.00,5,0,0,2,18,0
20260906_094855_CAM#000011_NG_NO_FEATURE.jpg,OK,YES,-,3,True,Y,9,2,0.881,0.88|0.88|0.87|0.87|0.87|0.87|0.86|0.83,8,9,0,2,20,1
20260906_094856_CAM#000013_NG_NO_FEATURE.jpg,NG_NO_FEATURE,NO,-,1,True,Y,0,0,0.0,0.00|0.00|0.00|0.00|0.00|0.00|0.00|0.00,4,0,0,2,13,1
20260906_094858_CAM#000014_NG_NO_FEATURE.jpg,NG_NO_FEATURE,YES,B(hough_miss),2,True,Y,0,0,0.0,0.00|0.00|0.00|0.00|0.00|0.00|0.00|0.00,9,0,0,2,33,1
20260906_094912_CAM#000017_NG_NO_FEATURE.jpg,OK,YES,-,3,True,Y,3,2,0.874,0.87|0.87|0.85|0.00|0.00|0.00|0.00|0.00,11,3,0,5,34,2
20260906_094913_CAM#000018_NG_NO_FEATURE.jpg,NG_NO_FEATURE,YES,B(hough_miss),3,True,Y,1,1,0.863,0.86|0.00|0.00|0.00|0.00|0.00|0.00|0.00,10,1,0,5,33,1
20260906_094914_CAM#000019_NG_NO_FEATURE.jpg,NG_NO_FEATURE,YES,B(hough_miss),3,True,Y,2,1,0.863,0.86|0.84|0.00|0.00|0.00|0.00|0.00|0.00,9,2,0,2,31,1
20260906_094915_CAM#000020_NG_NO_FEATURE.jpg,NG_NO_FEATURE,YES,B(hough_miss),3,True,Y,2,1,0.879,0.88|0.86|0.00|0.00|0.00|0.00|0.00|0.00,11,2,0,8,31,3
20260906_094916_CAM#000021_NG_NO_FEATURE.jpg,NG_NO_FEATURE,YES,B(hough_miss),3,True,Y,0,0,0.0,0.00|0.00|0.00|0.00|0.00|0.00|0.00|0.00,3,0,0,0,11,1
20260906_094917_CAM#000022_NG_NO_FEATURE.jpg,NG_NO_FEATURE,YES,B(hough_miss),3,True,Y,0,0,0.0,0.00|0.00|0.00|0.00|0.00|0.00|0.00|0.00,9,0,0,8,26,2
20260906_094919_CAM#000024_NG_NO_FEATURE.jpg,NG_NO_FEATURE,YES,B(hough_miss),2,True,Y,0,0,0.0,0.00|0.00|0.00|0.00|0.00|0.00|0.00|0.00,12,0,0,7,40,1
20260906_094919_CAM#000025_NG_NO_FEATURE.jpg,NG_NO_FEATURE,YES,B(hough_miss),3,True,Y,0,0,0.651,0.65|0.00|0.00|0.00|0.00|0.00|0.00|0.00,10,0,1,1,36,2
20260906_094920_CAM#000026_NG_NO_FEATURE.jpg,NG_NO_FEATURE,YES,B(hough_miss),2,True,Y,0,0,0.0,0.00|0.00|0.00|0.00|0.00|0.00|0.00|0.00,3,0,0,1,11,0
20260906_094921_CAM#000027_NG_NO_FEATURE.jpg,OK,YES,-,3,True,Y,6,2,0.894,0.89|0.89|0.88|0.87|0.86|0.86|0.00|0.00,8,6,0,0,25,1
20260906_094921_CAM#000028_NG_NO_FEATURE.jpg,NG_NO_FEATURE,YES,B(hough_miss),3,True,Y,2,1,0.863,0.86|0.86|0.00|0.00|0.00|0.00|0.00|0.00,10,2,0,7,30,1
20260906_094922_CAM#000029_NG_NO_FEATURE.jpg,NG_NO_FEATURE,YES,B(hough_miss),3,True,Y,0,0,0.0,0.00|0.00|0.00|0.00|0.00|0.00|0.00|0.00,10,0,0,2,36,2
20260906_094923_CAM#000030_NG_NO_FEATURE.jpg,NG_NO_FEATURE,YES,B(hough_miss),3,True,Y,1,1,0.881,0.88|0.00|0.00|0.00|0.00|0.00|0.00|0.00,6,1,0,2,21,0
20260906_094923_CAM#000031_NG_NO_FEATURE.jpg,NG_NO_FEATURE,YES,B(hough_miss),3,True,Y,0,0,0.0,0.00|0.00|0.00|0.00|0.00|0.00|0.00|0.00,5,0,0,0,20,0
20260906_094923_CAM#000032_NG_NO_FEATURE.jpg,NG_NO_FEATURE,YES,B(hough_miss),2,True,Y,0,0,0.0,0.00|0.00|0.00|0.00|0.00|0.00|0.00|0.00,9,0,0,1,34,1
20260906_094925_CAM#000035_NG_NO_FEATURE.jpg,OK,YES,-,3,True,Y,6,2,0.885,0.89|0.87|0.86|0.84|0.84|0.83|0.00|0.00,6,6,0,1,17,0
20260906_094926_CAM#000036_NG_NO_FEATURE.jpg,NG_NO_FEATURE,YES,B(hough_miss),2,True,Y,0,0,0.0,0.00|0.00|0.00|0.00|0.00|0.00|0.00|0.00,7,0,0,1,26,1
20260906_094927_CAM#000037_NG_NO_FEATURE.jpg,NG_NO_FEATURE,YES,B(hough_miss),2,True,Y,0,0,0.0,0.00|0.00|0.00|0.00|0.00|0.00|0.00|0.00,15,0,0,0,56,4
20260906_094928_CAM#000038_NG_NO_FEATURE.jpg,NG_NO_FEATURE,YES,B(hough_miss),2,True,Y,0,0,0.0,0.00|0.00|0.00|0.00|0.00|0.00|0.00|0.00,3,0,0,0,12,0
20260906_094928_CAM#000039_NG_NO_FEATURE.jpg,NG_NO_FEATURE,YES,B(hough_miss),2,True,Y,3,1,0.887,0.89|0.87|0.84|0.00|0.00|0.00|0.00|0.00,11,3,0,4,35,2
20260906_094929_CAM#000040_NG_NO_FEATURE.jpg,NG_HOLE_NOT_FOUND,NO,-,0,False,,0,0,0.0,,0,0,0,0,0,0
20260906_094930_CAM#000041_NG_NO_FEATURE.jpg,NG_NO_FEATURE,YES,B(hough_miss),3,True,Y,0,0,0.0,0.00|0.00|0.00|0.00|0.00|0.00|0.00|0.00,5,0,0,0,18,2
20260906_094930_CAM#000042_NG_NO_FEATURE.jpg,NG_NO_FEATURE,YES,B(hough_miss),2,True,Y,0,0,0.0,0.00|0.00|0.00|0.00|0.00|0.00|0.00|0.00,7,0,0,0,27,1
20260906_094933_CAM#000045_NG_NO_FEATURE.jpg,NG_NO_FEATURE,YES,B(hough_miss),2,True,Y,0,0,0.0,0.00|0.00|0.00|0.00|0.00|0.00|0.00|0.00,7,0,0,0,27,1
20260906_094934_CAM#000046_NG_NO_FEATURE.jpg,NG_NO_FEATURE,YES,B(hough_miss),3,True,Y,0,0,0.0,0.00|0.00|0.00|0.00|0.00|0.00|0.00|0.00,9,0,0,0,34,2
20260906_094934_CAM#000047_NG_NO_FEATURE.jpg,NG_NO_FEATURE,YES,B(hough_miss),3,True,Y,0,0,0.0,0.00|0.00|0.00|0.00|0.00|0.00|0.00|0.00,2,0,0,0,8,0
20260906_094934_CAM#000048_NG_NO_FEATURE.jpg,NG_NO_FEATURE,YES,B(hough_miss),3,True,Y,0,0,0.0,0.00|0.00|0.00|0.00|0.00|0.00|0.00|0.00,3,0,0,1,10,1
20260906_094951_CAM#000051_NG_NO_FEATURE.jpg,NG_NO_FEATURE,YES,B(hough_miss),2,True,Y,0,0,0.733,0.73|0.00|0.00|0.00|0.00|0.00|0.00|0.00,9,0,1,0,34,1
20260906_094952_CAM#000053_NG_NO_FEATURE.jpg,OK,YES,-,2,True,Y,3,2,0.792,0.79|0.79|0.78|0.00|0.00|0.00|0.00|0.00,8,3,0,2,26,1
20260906_094953_CAM#000054_NG_NO_FEATURE.jpg,NG_NO_FEATURE,YES,B(hough_miss),2,True,Y,0,0,0.0,0.00|0.00|0.00|0.00|0.00|0.00|0.00|0.00,8,0,0,2,28,2
20260906_094954_CAM#000056_NG_NO_FEATURE.jpg,OK,YES,-,2,True,Y,9,3,0.873,0.87|0.87|0.87|0.87|0.87|0.86|0.86|0.86,6,9,0,0,15,0
20260906_094954_CAM#000057_NG_NO_FEATURE.jpg,OK,YES,-,3,True,Y,9,3,0.873,0.87|0.87|0.87|0.86|0.86|0.86|0.86|0.84,7,9,1,3,14,1
20260906_094955_CAM#000058_NG_NO_FEATURE.jpg,NG_NO_FEATURE,YES,B(hough_miss),2,True,Y,0,0,0.0,0.00|0.00|0.00|0.00|0.00|0.00|0.00|0.00,8,0,0,0,31,1
20260906_094957_CAM#000061_NG_NO_FEATURE.jpg,OK,YES,-,3,True,Y,4,2,0.877,0.88|0.88|0.82|0.81|0.75|0.72|0.72|0.00,8,4,3,2,22,1
20260906_095000_CAM#000062_NG_NO_FEATURE.jpg,NG_NO_FEATURE,YES,B(hough_miss),3,True,Y,0,0,0.0,0.00|0.00|0.00|0.00|0.00|0.00|0.00|0.00,7,0,0,0,27,1
20260906_095001_CAM#000063_NG_NO_FEATURE.jpg,OK,YES,-,3,True,Y,7,2,0.879,0.88|0.87|0.83|0.81|0.80|0.80|0.76|0.00,8,7,0,6,18,1
20260906_095001_CAM#000064_NG_NO_FEATURE.jpg,OK,YES,-,2,True,Y,10,2,0.873,0.87|0.87|0.87|0.86|0.86|0.86|0.86|0.86,8,10,0,0,21,1
20260906_095003_CAM#000067_NG_HOLE_NOT_FOUND.jpg,NG_NO_FEATURE,YES,B(hough_miss),2,True,Y,0,0,0.0,0.00|0.00|0.00|0.00|0.00|0.00|0.00,2,0,0,0,7,1
20260906_095004_CAM#000068_NG_NO_FEATURE.jpg,NG_NO_FEATURE,YES,B(hough_miss),2,True,Y,0,0,0.0,0.00|0.00|0.00|0.00|0.00|0.00|0.00|0.00,8,0,0,1,30,1
20260906_095004_CAM#000069_NG_NO_FEATURE.jpg,NG_NO_FEATURE,YES,B(hough_miss),3,True,Y,0,0,0.0,0.00|0.00|0.00|0.00|0.00|0.00|0.00|0.00,10,0,0,2,37,1
20260906_095006_CAM#000071_NG_NO_FEATURE.jpg,NG_NO_FEATURE,YES,B(hough_miss),2,True,Y,0,0,0.687,0.69|0.00|0.00|0.00|0.00|0.00|0.00|0.00,6,0,1,3,20,0
20260906_095007_CAM#000074_NG_NO_FEATURE.jpg,NG_NO_FEATURE,YES,B(hough_miss),2,True,Y,1,1,0.855,0.85|0.00|0.00|0.00|0.00|0.00|0.00|0.00,9,1,0,3,31,1
20260906_095008_CAM#000075_NG_NO_FEATURE.jpg,NG_NO_FEATURE,YES,B(hough_miss),2,True,Y,0,0,0.0,0.00|0.00|0.00|0.00|0.00|0.00|0.00|0.00,3,0,0,3,8,1
20260906_095010_CAM#000077_NG_NO_FEATURE.jpg,OK,YES,-,2,True,Y,12,3,0.892,0.89|0.89|0.88|0.87|0.87|0.87|0.87|0.86,8,12,0,1,18,1
20260906_095010_CAM#000078_NG_NO_FEATURE.jpg,OK,YES,-,2,True,Y,9,2,0.879,0.88|0.88|0.88|0.87|0.87|0.87|0.86|0.86,8,9,0,2,20,1
20260906_095012_CAM#000080_NG_NO_FEATURE.jpg,OK,YES,-,3,True,Y,4,2,0.896,0.90|0.86|0.85|0.81|0.00|0.00|0.00|0.00,10,4,0,6,29,1
20260906_095012_CAM#000081_NG_NO_FEATURE.jpg,NG_NO_FEATURE,YES,B(hough_miss),2,True,Y,0,0,0.0,0.00|0.00|0.00|0.00|0.00|0.00|0.00|0.00,8,0,0,2,29,1
20260906_095013_CAM#000083_NG_NO_FEATURE.jpg,NG_NO_FEATURE,YES,B(hough_miss),2,True,Y,0,0,0.0,0.00|0.00|0.00|0.00|0.00|0.00|0.00|0.00,9,0,0,0,35,1
20260906_095014_CAM#000085_NG_NO_FEATURE.jpg,NG_NO_FEATURE,YES,B(hough_miss),2,True,Y,1,1,0.879,0.88|0.00|0.00|0.00|0.00|0.00|0.00|0.00,9,1,0,5,29,1
20260906_095015_CAM#000086_NG_NO_FEATURE.jpg,NG_NO_FEATURE,YES,B(hough_miss),3,True,Y,1,1,0.853,0.85|0.00|0.00|0.00|0.00|0.00|0.00|0.00,11,1,0,5,35,3
20260906_095015_CAM#000087_NG_NO_FEATURE.jpg,NG_NO_FEATURE,YES,B(hough_miss),3,True,Y,2,1,0.867,0.87|0.83|0.00|0.00|0.00|0.00|0.00|0.00,9,2,0,7,24,3
20260906_095016_CAM#000088_NG_NO_FEATURE.jpg,NG_NO_FEATURE,YES,B(hough_miss),2,True,Y,0,0,0.0,0.00|0.00|0.00|0.00|0.00|0.00|0.00|0.00,5,0,0,1,18,1
20260906_095016_CAM#000089_NG_NO_FEATURE.jpg,NG_NO_FEATURE,YES,B(hough_miss),2,True,Y,0,0,0.0,0.00|0.00|0.00|0.00|0.00|0.00|0.00|0.00,6,0,0,1,22,1
20260906_095018_CAM#000091_NG_NO_FEATURE.jpg,NG_NO_FEATURE,YES,B(hough_miss),3,True,Y,0,0,0.0,0.00|0.00|0.00|0.00|0.00|0.00|0.00|0.00,8,0,0,5,26,1
20260906_095019_CAM#000093_NG_NO_FEATURE.jpg,NG_NO_FEATURE,YES,B(hough_miss),2,True,Y,0,0,0.0,0.00|0.00|0.00|0.00|0.00|0.00|0.00|0.00,9,0,0,1,35,0
20260906_095020_CAM#000094_NG_NO_FEATURE.jpg,OK,YES,-,4,True,Y,9,3,0.881,0.88|0.88|0.88|0.86|0.86|0.85|0.85|0.85,6,9,2,0,12,1
20260906_095020_CAM#000095_NG_NO_FEATURE.jpg,NG_NO_FEATURE,YES,B(hough_miss),2,True,Y,2,1,0.869,0.87|0.78|0.00|0.00|0.00|0.00|0.00|0.00,7,2,0,0,25,1
20260906_095021_CAM#000096_NG_NO_FEATURE.jpg,NG_NO_FEATURE,YES,B(hough_miss),2,True,Y,1,1,0.875,0.88|0.00|0.00|0.00|0.00|0.00|0.00|0.00,9,1,0,0,34,1
20260906_095022_CAM#000097_NG_NO_FEATURE.jpg,NG_NO_FEATURE,YES,B(hough_miss),3,True,Y,1,1,0.879,0.88|0.00|0.00|0.00|0.00|0.00|0.00|0.00,8,1,0,0,29,2
20260906_095024_CAM#000098_NG_NO_FEATURE.jpg,NG_NO_FEATURE,YES,B(hough_miss),2,True,Y,0,0,0.0,0.00|0.00|0.00|0.00|0.00|0.00|0.00|0.00,2,0,0,0,8,0
20260906_095024_CAM#000099_NG_NO_FEATURE.jpg,NG_NO_FEATURE,YES,B(hough_miss),3,True,Y,0,0,0.0,0.00|0.00|0.00|0.00|0.00|0.00|0.00|0.00,8,0,0,0,31,1
20260906_095025_CAM#000100_NG_NO_FEATURE.jpg,NG_NO_FEATURE,YES,B(hough_miss),2,True,Y,1,1,0.798,0.80|0.00|0.00|0.00|0.00|0.00|0.00|0.00,3,1,0,2,7,2
20260906_095025_CAM#000101_NG_NO_FEATURE.jpg,OK,YES,-,3,True,Y,7,2,0.887,0.89|0.88|0.88|0.87|0.87|0.86|0.86|0.68,7,7,2,3,15,1
20260906_095026_CAM#000103_NG_NO_FEATURE.jpg,OK,YES,-,3,True,Y,6,2,0.887,0.89|0.88|0.87|0.87|0.86|0.84|0.00|0.00,7,6,0,3,19,0
20260906_095027_CAM#000104_NG_NO_FEATURE.jpg,NG_NO_FEATURE,YES,B(hough_miss),4,True,Y,0,0,0.0,0.00|0.00|0.00|0.00|0.00|0.00|0.00|0.00,9,0,0,0,36,0
20260906_095028_CAM#000106_NG_NO_FEATURE.jpg,NG_NO_FEATURE,YES,B(hough_miss),2,True,Y,0,0,0.0,0.00|0.00|0.00|0.00|0.00|0.00|0.00|0.00,7,0,0,1,26,1
20260906_095029_CAM#000107_NG_NO_FEATURE.jpg,OK,YES,-,2,True,Y,14,3,0.891,0.89|0.88|0.88|0.88|0.87|0.87|0.86|0.86,7,14,0,2,11,1
20260906_095032_CAM#000111_NG_NO_FEATURE.jpg,OK,YES,-,3,True,Y,8,2,0.876,0.88|0.86|0.86|0.86|0.83|0.83|0.83|0.82,8,8,1,5,17,1
20260906_095032_CAM#000112_NG_NO_FEATURE.jpg,NG_NO_FEATURE,YES,B(hough_miss),3,True,Y,2,1,0.867,0.87|0.84|0.00|0.00|0.00|0.00|0.00|0.00,9,2,0,5,28,1
20260906_095032_CAM#000113_NG_NO_FEATURE.jpg,OK,YES,-,3,True,Y,14,3,0.874,0.87|0.87|0.87|0.87|0.87|0.87|0.86|0.86,7,14,0,1,12,1
20260906_095033_CAM#000114_NG_NO_FEATURE.jpg,NG_NO_FEATURE,YES,B(hough_miss),2,True,Y,0,0,0.0,0.00|0.00|0.00|0.00|0.00|0.00|0.00|0.00,8,0,0,2,30,0
20260906_095034_CAM#000117_NG_NO_FEATURE.jpg,OK,YES,-,2,True,Y,11,3,0.872,0.87|0.87|0.87|0.87|0.86|0.86|0.85|0.85,6,11,0,2,11,0
20260906_095034_CAM#000118_NG_NO_FEATURE.jpg,OK,YES,-,3,True,Y,9,2,0.88,0.88|0.88|0.88|0.87|0.87|0.85|0.85|0.85,8,9,1,1,20,1
20260906_095035_CAM#000121_NG_NO_FEATURE.jpg,NG_NO_FEATURE,YES,B(hough_miss),4,True,Y,2,1,0.873,0.87|0.86|0.00|0.00|0.00|0.00|0.00|0.00,10,2,0,10,27,1
20260906_095036_CAM#000122_NG_NO_FEATURE.jpg,NG_NO_FEATURE,YES,B(hough_miss),3,True,Y,2,1,0.865,0.86|0.85|0.00|0.00|0.00|0.00|0.00|0.00,10,2,0,5,32,1
20260906_095036_CAM#000124_NG_NO_FEATURE.jpg,NG_NO_FEATURE,YES,B(hough_miss),3,True,Y,0,0,0.0,0.00|0.00|0.00|0.00|0.00|0.00|0.00|0.00,7,0,0,0,27,1
20260906_095036_CAM#000125_NG_NO_FEATURE.jpg,NG_NO_FEATURE,YES,B(hough_miss),2,True,Y,0,0,0.0,0.00|0.00|0.00|0.00|0.00|0.00|0.00|0.00,9,0,0,0,34,2
20260906_095037_CAM#000126_NG_NO_FEATURE.jpg,NG_NO_FEATURE,YES,B(hough_miss),2,True,Y,0,0,0.0,0.00|0.00|0.00|0.00|0.00|0.00|0.00|0.00,8,0,0,1,29,2
20260906_095037_CAM#000127_NG_NO_FEATURE.jpg,NG_NO_FEATURE,YES,B(hough_miss),3,True,Y,0,0,0.0,0.00|0.00|0.00|0.00|0.00|0.00|0.00|0.00,8,0,0,0,29,3
20260906_095040_CAM#000130_NG_NO_FEATURE.jpg,NG_NO_FEATURE,YES,B(hough_miss),3,True,Y,2,1,0.872,0.87|0.86|0.00|0.00|0.00|0.00|0.00|0.00,9,2,0,4,29,1
20260906_095040_CAM#000131_NG_NO_FEATURE.jpg,OK,YES,-,2,True,Y,21,4,0.891,0.89|0.89|0.88|0.88|0.88|0.87|0.86|0.86,8,21,2,2,6,1
20260906_095041_CAM#000132_NG_NO_FEATURE.jpg,NG_NO_FEATURE,YES,B(hough_miss),2,True,Y,0,0,0.0,0.00|0.00|0.00|0.00|0.00|0.00|0.00|0.00,4,0,0,1,15,0
20260906_095041_CAM#000133_NG_NO_FEATURE.jpg,NG_NO_FEATURE,YES,B(hough_miss),3,True,Y,0,0,0.0,0.00|0.00|0.00|0.00|0.00|0.00|0.00|0.00,6,0,0,0,23,1
20260906_095044_CAM#000136_NG_HOLE_NOT_FOUND.jpg,NG_HOLE_NOT_FOUND,NO,-,0,False,,0,0,0.0,,0,0,0,0,0,0
20260906_095045_CAM#000137_NG_NO_FEATURE.jpg,NG_NO_FEATURE,YES,B(hough_miss),3,True,Y,0,0,0.0,0.00|0.00|0.00|0.00|0.00|0.00|0.00|0.00,11,0,0,5,34,5
20260906_100112_CAM#000138_NG_NO_FEATURE.jpg,NG_NO_FEATURE,YES,B(hough_miss),2,True,Y,1,1,0.866,0.87|0.00|0.00|0.00|0.00|0.00|0.00|0.00,8,1,0,5,26,0
20260906_100113_CAM#000139_NG_NO_FEATURE.jpg,NG_NO_FEATURE,YES,B(hough_miss),2,True,Y,0,0,0.0,0.00|0.00|0.00|0.00|0.00|0.00|0.00|0.00,9,0,0,2,30,4
20260906_100115_CAM#000141_NG_NO_FEATURE.jpg,NG_NO_FEATURE,YES,B(hough_miss),3,True,Y,1,1,0.855,0.85|0.00|0.00|0.00|0.00|0.00|0.00|0.00,4,1,0,1,14,0
20260906_100117_CAM#000142_NG_NO_FEATURE.jpg,NG_NO_FEATURE,YES,B(hough_miss),3,True,Y,1,1,0.821,0.82|0.00|0.00|0.00|0.00|0.00|0.00|0.00,8,1,0,4,26,1
20260906_100119_CAM#000143_NG_NO_FEATURE.jpg,NG_NO_FEATURE,YES,B(hough_miss),2,True,Y,0,0,0.0,0.00|0.00|0.00|0.00|0.00|0.00|0.00|0.00,5,0,0,0,19,1
20260906_100123_CAM#000145_NG_NO_FEATURE.jpg,NG_NO_FEATURE,YES,B(hough_miss),3,True,Y,0,0,0.0,0.00|0.00|0.00|0.00|0.00|0.00|0.00|0.00,7,0,0,2,26,0
20260906_100128_CAM#000147_NG_NO_FEATURE.jpg,OK,YES,-,2,True,Y,12,4,0.881,0.88|0.87|0.87|0.87|0.87|0.86|0.86|0.85,7,12,0,2,13,1
20260906_100130_CAM#000148_NG_NO_FEATURE.jpg,OK,YES,-,3,True,Y,12,4,0.873,0.87|0.87|0.87|0.87|0.87|0.86|0.86|0.86,6,12,0,2,9,1
20260906_100132_CAM#000149_NG_NO_FEATURE.jpg,OK,YES,-,2,True,Y,7,3,0.892,0.89|0.89|0.87|0.86|0.85|0.85|0.83|0.00,6,7,0,1,15,1
20260906_100135_CAM#000150_NG_NO_FEATURE.jpg,NG_NO_FEATURE,YES,B(hough_miss),2,True,Y,0,0,0.0,0.00|0.00|0.00|0.00|0.00|0.00|0.00|0.00,8,0,0,0,32,0
20260906_100141_CAM#000153_NG_NO_FEATURE.jpg,NG_NO_FEATURE,YES,B(hough_miss),2,True,Y,2,1,0.852,0.85|0.84|0.00|0.00|0.00|0.00|0.00|0.00,7,2,0,0,26,0
20260906_100146_CAM#000156_NG_NO_FEATURE.jpg,NG_NO_FEATURE,YES,C/D(other),3,True,Y,3,2,0.864,0.86|0.85|0.85|0.00|0.00|0.00|0.00|0.00,7,3,0,0,22,3
20260906_100148_CAM#000157_NG_NO_FEATURE.jpg,NG_NO_FEATURE,YES,B(hough_miss),4,True,Y,0,0,0.0,0.00|0.00|0.00|0.00|0.00|0.00|0.00|0.00,9,0,0,0,34,2
20260906_100150_CAM#000158_NG_NO_FEATURE.jpg,NG_NO_FEATURE,YES,B(hough_miss),3,True,Y,2,1,0.839,0.84|0.83|0.00|0.00|0.00|0.00|0.00|0.00,8,2,0,0,29,1
20260906_100152_CAM#000159_NG_NO_FEATURE.jpg,OK,YES,-,3,True,Y,8,3,0.864,0.86|0.86|0.86|0.86|0.86|0.84|0.80|0.78,6,8,0,1,15,0
20260906_100154_CAM#000160_NG_NO_FEATURE.jpg,NG_NO_FEATURE,YES,B(hough_miss),2,True,Y,0,0,0.0,0.00|0.00|0.00|0.00|0.00|0.00|0.00|0.00,6,0,0,1,22,1
20260906_100203_CAM#000163_NG_NO_FEATURE.jpg,NG_NO_FEATURE,YES,B(hough_miss),3,True,Y,0,0,0.0,0.00|0.00|0.00|0.00|0.00|0.00|0.00|0.00,7,0,0,1,26,1
20260906_100206_CAM#000164_NG_NO_FEATURE.jpg,OK,YES,-,3,True,Y,8,2,0.886,0.89|0.87|0.87|0.87|0.86|0.86|0.86|0.84,6,8,0,3,12,1
20260906_100212_CAM#000167_NG_NO_FEATURE.jpg,NG_NO_FEATURE,YES,B(hough_miss),2,True,Y,1,1,0.86,0.86|0.00|0.00|0.00|0.00|0.00|0.00|0.00,5,1,0,0,19,0
20260906_100218_CAM#000170_NG_NO_FEATURE.jpg,NG_NO_FEATURE,YES,B(hough_miss),3,True,Y,4,1,0.884,0.88|0.88|0.88|0.88|0.00|0.00|0.00|0.00,7,4,0,0,23,1
20260906_100227_CAM#000173_NG_NO_FEATURE.jpg,OK,YES,-,3,True,Y,12,2,0.879,0.88|0.88|0.87|0.87|0.87|0.86|0.86|0.85,7,12,0,1,14,1
20260906_100229_CAM#000174_NG_NO_FEATURE.jpg,NG_NO_FEATURE,YES,B(hough_miss),2,True,Y,0,0,0.0,0.00|0.00|0.00|0.00|0.00|0.00|0.00|0.00,4,0,0,1,15,0
20260906_100236_CAM#000176_NG_NO_FEATURE.jpg,NG_NO_FEATURE,YES,B(hough_miss),2,True,Y,0,0,0.0,0.00|0.00|0.00|0.00|0.00|0.00|0.00|0.00,3,0,0,1,11,0
20260906_100246_CAM#000181_NG_NO_FEATURE.jpg,NG_NO_FEATURE,YES,B(hough_miss),3,True,Y,0,0,0.0,0.00|0.00|0.00|0.00|0.00|0.00|0.00|0.00,7,0,0,0,28,0
20260906_100248_CAM#000182_NG_NO_FEATURE.jpg,NG_NO_FEATURE,YES,B(hough_miss),2,True,Y,0,0,0.0,0.00|0.00|0.00|0.00|0.00|0.00|0.00|0.00,7,0,0,0,28,0
20260906_100250_CAM#000183_NG_NO_FEATURE.jpg,NG_NO_FEATURE,YES,B(hough_miss),2,True,Y,0,0,0.0,0.00|0.00|0.00|0.00|0.00|0.00|0.00|0.00,8,0,0,1,29,2
20260906_100253_CAM#000185_NG_NO_FEATURE.jpg,NG_NO_FEATURE,YES,B(hough_miss),3,True,Y,0,0,0.0,0.00|0.00|0.00|0.00|0.00|0.00|0.00|0.00,8,0,0,2,29,1
20260906_100303_CAM#000190_NG_NO_FEATURE.jpg,NG_NO_FEATURE,YES,B(hough_miss),3,True,Y,0,0,0.0,0.00|0.00|0.00|0.00|0.00|0.00|0.00|0.00,6,0,0,0,24,0
20260906_100305_CAM#000191_NG_NO_FEATURE.jpg,NG_NO_FEATURE,YES,B(hough_miss),3,True,Y,0,0,0.0,0.00|0.00|0.00|0.00|0.00|0.00|0.00|0.00,7,0,0,2,26,0
20260906_100311_CAM#000194_NG_NO_FEATURE.jpg,NG_NO_FEATURE,YES,B(hough_miss),2,True,Y,0,0,0.0,0.00|0.00|0.00|0.00|0.00|0.00|0.00|0.00,7,0,0,1,26,1
20260906_100315_CAM#000196_NG_NO_FEATURE.jpg,NG_NO_FEATURE,YES,B(hough_miss),3,True,Y,0,0,0.0,0.00|0.00|0.00|0.00|0.00|0.00|0.00|0.00,7,0,0,1,26,1
20260906_100318_CAM#000198_NG_NO_FEATURE.jpg,NG_NO_FEATURE,YES,B(hough_miss),3,True,Y,0,0,0.0,0.00|0.00|0.00|0.00|0.00|0.00|0.00|0.00,7,0,0,1,26,1
20260906_100320_CAM#000199_NG_NO_FEATURE.jpg,NG_NO_FEATURE,YES,B(hough_miss),3,True,Y,2,1,0.864,0.86|0.86|0.00|0.00|0.00|0.00|0.00|0.00,5,2,0,0,18,0
20260906_100321_CAM#000200_NG_NO_FEATURE.jpg,OK,YES,-,3,True,Y,15,3,0.88,0.88|0.88|0.87|0.87|0.87|0.87|0.87|0.87,7,15,0,0,13,0
20260906_100321_CAM#000201_NG_HOLE_NOT_FOUND.jpg,NG_NO_FEATURE,YES,B(hough_miss),2,True,Y,0,0,0.0,0.00|0.00|0.00|0.00|0.00|0.00|0.00,2,0,0,0,7,1
20260906_100324_CAM#000203_NG_NO_FEATURE.jpg,NG_NO_FEATURE,YES,B(hough_miss),2,True,Y,0,0,0.0,0.00|0.00|0.00|0.00|0.00|0.00|0.00|0.00,8,0,0,2,28,2
20260906_100326_CAM#000205_NG_NO_FEATURE.jpg,OK,YES,-,2,True,Y,8,2,0.877,0.88|0.87|0.87|0.87|0.87|0.86|0.86|0.83,7,8,0,2,18,0
20260906_100327_CAM#000206_NG_NO_FEATURE.jpg,NG_NO_FEATURE,YES,B(hough_miss),3,True,Y,0,0,0.0,0.00|0.00|0.00|0.00|0.00|0.00|0.00|0.00,8,0,0,1,30,1
20260906_100328_CAM#000208_NG_NO_FEATURE.jpg,NG_NO_FEATURE,YES,B(hough_miss),2,True,Y,0,0,0.0,0.00|0.00|0.00|0.00|0.00|0.00|0.00|0.00,3,0,0,0,12,0
20260906_100332_CAM#000212_NG_NO_FEATURE.jpg,OK,YES,-,3,True,Y,8,3,0.873,0.87|0.87|0.87|0.86|0.84|0.84|0.83|0.77,7,8,1,0,19,0
20260906_100333_CAM#000214_NG_NO_FEATURE.jpg,NG_NO_FEATURE,YES,B(hough_miss),3,True,Y,0,0,0.0,0.00|0.00|0.00|0.00|0.00|0.00|0.00|0.00,10,0,0,2,36,2
20260906_100334_CAM#000215_NG_NO_FEATURE.jpg,NG_NO_FEATURE,YES,B(hough_miss),2,True,Y,0,0,0.0,0.00|0.00|0.00|0.00|0.00|0.00|0.00|0.00,4,0,0,0,16,0
20260906_100335_CAM#000217_NG_NO_FEATURE.jpg,NG_NO_FEATURE,YES,B(hough_miss),2,True,Y,0,0,0.0,0.00|0.00|0.00|0.00|0.00|0.00|0.00|0.00,5,0,0,1,18,1
20260906_100338_CAM#000219_NG_NO_FEATURE.jpg,NG_NO_FEATURE,YES,B(hough_miss),2,True,Y,0,0,0.0,0.00|0.00|0.00|0.00|0.00|0.00|0.00|0.00,8,0,0,0,31,1
20260906_100340_CAM#000222_NG_NO_FEATURE.jpg,NG_NO_FEATURE,YES,B(hough_miss),3,True,Y,0,0,0.0,0.00|0.00|0.00|0.00|0.00|0.00|0.00|0.00,8,0,0,0,31,1
20260906_100341_CAM#000223_NG_NO_FEATURE.jpg,NG_NO_FEATURE,YES,B(hough_miss),4,True,Y,0,0,0.0,0.00|0.00|0.00|0.00|0.00|0.00|0.00|0.00,8,0,0,4,28,0
20260906_100343_CAM#000225_NG_NO_FEATURE.jpg,NG_NO_FEATURE,YES,B(hough_miss),3,True,Y,1,1,0.86,0.86|0.00|0.00|0.00|0.00|0.00|0.00|0.00,9,1,0,4,31,0
20260906_100343_CAM#000226_NG_NO_FEATURE.jpg,NG_NO_FEATURE,YES,B(hough_miss),2,True,Y,0,0,0.0,0.00|0.00|0.00|0.00|0.00|0.00|0.00|0.00,4,0,0,2,13,1
20260906_100343_CAM#000227_NG_NO_FEATURE.jpg,NG_NO_FEATURE,YES,B(hough_miss),2,True,Y,0,0,0.0,0.00|0.00|0.00|0.00|0.00|0.00|0.00|0.00,7,0,0,0,27,1
20260906_100344_CAM#000228_NG_NO_FEATURE.jpg,OK,YES,-,2,True,Y,3,3,0.864,0.86|0.86|0.86|0.00|0.00|0.00|0.00|0.00,10,3,0,5,29,3
20260906_100347_CAM#000231_NG_NO_FEATURE.jpg,OK,YES,-,2,True,Y,12,3,0.876,0.88|0.87|0.87|0.86|0.86|0.86|0.86|0.86,9,12,0,5,18,1
20260906_100350_CAM#000234_NG_NO_FEATURE.jpg,NG_NO_FEATURE,YES,B(hough_miss),3,True,Y,0,0,0.0,0.00|0.00|0.00|0.00|0.00|0.00|0.00|0.00,7,0,0,0,27,1
20260906_100351_CAM#000236_NG_NO_FEATURE.jpg,NG_NO_FEATURE,YES,B(hough_miss),3,True,Y,0,0,0.0,0.00|0.00|0.00|0.00|0.00|0.00|0.00|0.00,8,0,0,0,32,0
20260906_100351_CAM#000237_NG_NO_FEATURE.jpg,NG_NO_FEATURE,YES,B(hough_miss),2,True,Y,0,0,0.0,0.00|0.00|0.00|0.00|0.00|0.00|0.00|0.00,6,0,0,0,24,0
20260906_100353_CAM#000239_NG_NO_FEATURE.jpg,NG_NO_FEATURE,YES,B(hough_miss),3,True,Y,0,0,0.0,0.00|0.00|0.00|0.00|0.00|0.00|0.00|0.00,8,0,0,3,28,1
20260906_100354_CAM#000240_NG_NO_FEATURE.jpg,NG_NO_FEATURE,YES,B(hough_miss),2,True,Y,0,0,0.0,0.00|0.00|0.00|0.00|0.00|0.00|0.00|0.00,5,0,0,0,20,0
20260906_100355_CAM#000241_NG_NO_FEATURE.jpg,OK,YES,-,2,True,Y,4,2,0.873,0.87|0.87|0.87|0.86|0.00|0.00|0.00|0.00,6,4,0,3,17,0
20260906_100356_CAM#000242_NG_NO_FEATURE.jpg,NG_NO_FEATURE,YES,B(hough_miss),3,True,Y,1,1,0.832,0.83|0.00|0.00|0.00|0.00|0.00|0.00|0.00,7,1,0,1,26,0
20260906_100356_CAM#000243_NG_NO_FEATURE.jpg,OK,YES,-,3,True,Y,8,2,0.879,0.88|0.88|0.87|0.87|0.87|0.86|0.85|0.83,7,8,0,3,16,1
20260906_100357_CAM#000244_NG_NO_FEATURE.jpg,NG_NO_FEATURE,YES,B(hough_miss),2,True,Y,0,0,0.0,0.00|0.00|0.00|0.00|0.00|0.00|0.00|0.00,8,0,0,0,32,0
20260906_100358_CAM#000245_NG_NO_FEATURE.jpg,NG_NO_FEATURE,YES,B(hough_miss),3,True,Y,0,0,0.0,0.00|0.00|0.00|0.00|0.00|0.00|0.00|0.00,8,0,0,0,31,1
20260906_100359_CAM#000246_NG_NO_FEATURE.jpg,NG_NO_FEATURE,YES,B(hough_miss),2,True,Y,0,0,0.0,0.00|0.00|0.00|0.00|0.00|0.00|0.00|0.00,8,0,0,2,29,1
20260906_100401_CAM#000248_NG_NO_FEATURE.jpg,NG_NO_FEATURE,YES,B(hough_miss),2,True,Y,0,0,0.0,0.00|0.00|0.00|0.00|0.00|0.00|0.00|0.00,7,0,0,2,25,1
20260906_100402_CAM#000249_NG_NO_FEATURE.jpg,NG_NO_FEATURE,YES,B(hough_miss),2,True,Y,0,0,0.0,0.00|0.00|0.00|0.00|0.00|0.00|0.00|0.00,6,0,0,2,21,1
20260906_100403_CAM#000251_NG_NO_FEATURE.jpg,NG_NO_FEATURE,YES,B(hough_miss),2,True,Y,0,0,0.0,0.00|0.00|0.00|0.00|0.00|0.00|0.00|0.00,8,0,0,0,31,1
20260906_100404_CAM#000252_NG_NO_FEATURE.jpg,NG_NO_FEATURE,YES,B(hough_miss),3,True,Y,0,0,0.0,0.00|0.00|0.00|0.00|0.00|0.00|0.00|0.00,7,0,0,0,27,1
20260906_100406_CAM#000254_NG_NO_FEATURE.jpg,NG_NO_FEATURE,YES,B(hough_miss),3,True,Y,5,1,0.868,0.87|0.86|0.86|0.86|0.85|0.00|0.00|0.00,8,5,0,2,24,1
20260906_100408_CAM#000256_NG_NO_FEATURE.jpg,OK,YES,-,3,True,Y,12,4,0.884,0.88|0.88|0.87|0.87|0.87|0.87|0.87|0.86,7,12,0,0,16,0
20260906_100409_CAM#000258_NG_NO_FEATURE.jpg,NG_NO_FEATURE,YES,B(hough_miss),3,True,Y,0,0,0.0,0.00|0.00|0.00|0.00|0.00|0.00|0.00|0.00,8,0,0,0,31,1
20260906_100410_CAM#000259_NG_NO_FEATURE.jpg,NG_NO_FEATURE,YES,B(hough_miss),2,True,Y,0,0,0.0,0.00|0.00|0.00|0.00|0.00|0.00|0.00|0.00,9,0,0,2,33,1
20260906_100411_CAM#000260_NG_NO_FEATURE.jpg,NG_NO_FEATURE,YES,B(hough_miss),2,True,Y,0,0,0.0,0.00|0.00|0.00|0.00|0.00|0.00|0.00|0.00,6,0,0,1,22,1
20260906_100414_CAM#000263_NG_NO_FEATURE.jpg,OK,YES,-,2,True,Y,8,3,0.865,0.86|0.86|0.86|0.86|0.80|0.80|0.79|0.79,7,8,0,3,16,1
20260906_100414_CAM#000264_NG_NO_FEATURE.jpg,NG_NO_FEATURE,YES,B(hough_miss),2,True,Y,0,0,0.0,0.00|0.00|0.00|0.00|0.00|0.00|0.00|0.00,7,0,0,0,27,1
20260906_100416_CAM#000266_NG_NO_FEATURE.jpg,NG_NO_FEATURE,YES,B(hough_miss),2,True,Y,0,0,0.0,0.00|0.00|0.00|0.00|0.00|0.00|0.00|0.00,6,0,0,0,23,1
20260906_100417_CAM#000267_NG_NO_FEATURE.jpg,NG_NO_FEATURE,YES,B(hough_miss),2,True,Y,3,1,0.889,0.89|0.88|0.86|0.69|0.67|0.00|0.00|0.00,7,3,2,3,20,0
20260906_100417_CAM#000268_NG_NO_FEATURE.jpg,NG_NO_FEATURE,YES,B(hough_miss),3,True,Y,3,1,0.879,0.88|0.88|0.85|0.00|0.00|0.00|0.00|0.00,8,3,0,1,27,1
20260906_100419_CAM#000269_NG_NO_FEATURE.jpg,OK,YES,-,3,True,Y,9,2,0.883,0.88|0.87|0.86|0.86|0.85|0.85|0.85|0.85,8,9,2,1,19,1
20260906_100421_CAM#000272_NG_NO_FEATURE.jpg,NG_NO_FEATURE,YES,B(hough_miss),2,True,Y,0,0,0.0,0.00|0.00|0.00|0.00|0.00|0.00|0.00|0.00,9,0,0,1,33,2
20260906_100422_CAM#000273_NG_NO_FEATURE.jpg,OK,YES,-,2,True,Y,8,2,0.882,0.88|0.88|0.87|0.86|0.86|0.85|0.85|0.77,8,8,0,1,22,1
20260906_100423_CAM#000275_NG_NO_FEATURE.jpg,NG_NO_FEATURE,YES,B(hough_miss),2,True,Y,0,0,0.0,0.00|0.00|0.00|0.00|0.00|0.00|0.00|0.00,9,0,0,1,34,1
20260906_100424_CAM#000276_NG_NO_FEATURE.jpg,NG_NO_FEATURE,YES,B(hough_miss),2,True,Y,3,1,0.871,0.87|0.85|0.83|0.73|0.00|0.00|0.00|0.00,6,3,1,2,18,0
20260906_100427_CAM#000279_NG_NO_FEATURE.jpg,OK,YES,-,2,True,Y,8,2,0.884,0.88|0.88|0.87|0.87|0.87|0.86|0.85|0.84,7,8,0,3,16,1
20260906_100428_CAM#000281_NG_NO_FEATURE.jpg,NG_NO_FEATURE,YES,B(hough_miss),3,True,Y,0,0,0.0,0.00|0.00|0.00|0.00|0.00|0.00|0.00|0.00,8,0,0,0,31,1
20260906_100429_CAM#000282_NG_NO_FEATURE.jpg,OK,YES,-,3,True,Y,9,2,0.873,0.87|0.87|0.87|0.87|0.85|0.81|0.81|0.78,8,9,0,1,21,1
20260906_100430_CAM#000283_NG_NO_FEATURE.jpg,NG_NO_FEATURE,YES,B(hough_miss),3,True,Y,1,1,0.866,0.87|0.00|0.00|0.00|0.00|0.00|0.00|0.00,10,1,0,1,36,2
20260906_100431_CAM#000284_NG_NO_FEATURE.jpg,NG_NO_FEATURE,YES,B(hough_miss),2,True,Y,0,0,0.0,0.00|0.00|0.00|0.00|0.00|0.00|0.00|0.00,7,0,0,1,27,0
20260906_100432_CAM#000285_NG_NO_FEATURE.jpg,NG_NO_FEATURE,YES,B(hough_miss),2,True,Y,0,0,0.0,0.00|0.00|0.00|0.00|0.00|0.00|0.00|0.00,8,0,0,1,30,1
20260906_100433_CAM#000286_NG_NO_FEATURE.jpg,NG_NO_FEATURE,YES,B(hough_miss),2,True,Y,0,0,0.0,0.00|0.00|0.00|0.00|0.00|0.00|0.00|0.00,7,0,0,2,25,1
20260906_100438_CAM#000290_NG_NO_FEATURE.jpg,NG_NO_FEATURE,YES,B(hough_miss),3,True,Y,4,1,0.903,0.90|0.88|0.88|0.85|0.74|0.66|0.00|0.00,8,4,2,2,23,1
20260906_100442_CAM#000294_NG_NO_FEATURE.jpg,NG_NO_FEATURE,YES,B(hough_miss),2,True,Y,0,0,0.0,0.00|0.00|0.00|0.00|0.00|0.00|0.00|0.00,9,0,0,3,31,2
20260906_100446_CAM#000298_NG_NO_FEATURE.jpg,OK,YES,-,3,True,Y,7,2,0.879,0.88|0.88|0.87|0.86|0.85|0.83|0.82|0.00,8,7,0,4,20,1
20260906_100447_CAM#000299_NG_NO_FEATURE.jpg,NG_NO_FEATURE,YES,B(hough_miss),2,True,Y,0,0,0.0,0.00|0.00|0.00|0.00|0.00|0.00|0.00|0.00,7,0,0,2,25,1
20260906_100448_CAM#000301_NG_NO_FEATURE.jpg,NG_NO_FEATURE,YES,B(hough_miss),2,True,Y,0,0,0.0,0.00|0.00|0.00|0.00|0.00|0.00|0.00|0.00,5,0,0,1,18,1
20260906_100449_CAM#000302_NG_NO_FEATURE.jpg,NG_NO_FEATURE,YES,B(hough_miss),3,True,Y,2,1,0.867,0.87|0.87|0.00|0.00|0.00|0.00|0.00|0.00,8,2,0,0,29,1
20260906_100450_CAM#000303_NG_NO_FEATURE.jpg,NG_NO_FEATURE,YES,B(hough_miss),3,True,Y,0,0,0.0,0.00|0.00|0.00|0.00|0.00|0.00|0.00|0.00,8,0,0,0,31,1
20260906_100451_CAM#000304_NG_NO_FEATURE.jpg,NG_NO_FEATURE,YES,B(hough_miss),3,True,Y,1,1,0.855,0.85|0.00|0.00|0.00|0.00|0.00|0.00|0.00,11,1,0,6,36,1
20260906_100454_CAM#000308_NG_NO_FEATURE.jpg,NG_NO_FEATURE,YES,B(hough_miss),3,True,Y,1,1,0.796,0.80|0.00|0.00|0.00|0.00|0.00|0.00|0.00,7,1,0,0,27,0
20260906_100456_CAM#000311_NG_NO_FEATURE.jpg,OK,YES,-,3,True,Y,10,3,0.871,0.87|0.87|0.87|0.87|0.86|0.86|0.86|0.86,8,10,2,1,18,1
20260906_100457_CAM#000313_NG_NO_FEATURE.jpg,NG_NO_FEATURE,YES,B(hough_miss),2,True,Y,1,1,0.899,0.90|0.00|0.00|0.00|0.00|0.00|0.00|0.00,8,1,0,1,29,1
20260906_100458_CAM#000314_NG_NO_FEATURE.jpg,NG_NO_FEATURE,YES,B(hough_miss),2,True,Y,1,1,0.877,0.88|0.00|0.00|0.00|0.00|0.00|0.00|0.00,7,1,0,2,24,1
20260906_100459_CAM#000315_NG_NO_FEATURE.jpg,NG_NO_FEATURE,YES,B(hough_miss),2,True,Y,0,0,0.0,0.00|0.00|0.00|0.00|0.00|0.00|0.00|0.00,7,0,0,4,23,1
20260906_100500_CAM#000316_NG_NO_FEATURE.jpg,NG_NO_FEATURE,YES,B(hough_miss),2,True,Y,0,0,0.0,0.00|0.00|0.00|0.00|0.00|0.00|0.00|0.00,7,0,0,1,26,1
20260906_100501_CAM#000318_NG_NO_FEATURE.jpg,NG_NO_FEATURE,YES,B(hough_miss),2,True,Y,0,0,0.0,0.00|0.00|0.00|0.00|0.00|0.00|0.00|0.00,8,0,0,1,31,0
20260906_100502_CAM#000319_NG_NO_FEATURE.jpg,NG_NO_FEATURE,YES,B(hough_miss),3,True,Y,0,0,0.0,0.00|0.00|0.00|0.00|0.00|0.00|0.00|0.00,7,0,0,5,22,1
20260906_100502_CAM#000320_NG_NO_FEATURE.jpg,NG_NO_FEATURE,YES,B(hough_miss),2,True,Y,2,1,0.861,0.86|0.86|0.00|0.00|0.00|0.00|0.00|0.00,9,2,0,1,32,1
20260906_100504_CAM#000322_NG_NO_FEATURE.jpg,OK,YES,-,2,True,Y,3,2,0.863,0.86|0.86|0.80|0.00|0.00|0.00|0.00|0.00,8,3,0,1,28,0
20260906_100505_CAM#000323_NG_NO_FEATURE.jpg,NG_NO_FEATURE,YES,B(hough_miss),2,True,Y,1,1,0.82,0.82|0.00|0.00|0.00|0.00|0.00|0.00|0.00,8,1,0,0,31,0
20260906_100505_CAM#000324_NG_NO_FEATURE.jpg,NG_NO_FEATURE,YES,B(hough_miss),2,True,Y,0,0,0.0,0.00|0.00|0.00|0.00|0.00|0.00|0.00|0.00,2,0,0,0,8,0
20260906_100506_CAM#000325_NG_NO_FEATURE.jpg,NG_NO_FEATURE,YES,B(hough_miss),3,True,Y,0,0,0.0,0.00|0.00|0.00|0.00|0.00|0.00|0.00|0.00,7,0,0,0,27,1
20260906_100508_CAM#000327_NG_NO_FEATURE.jpg,NG_NO_FEATURE,YES,B(hough_miss),2,True,Y,0,0,0.0,0.00|0.00|0.00|0.00|0.00|0.00|0.00|0.00,9,0,0,3,33,0
20260906_100509_CAM#000328_NG_NO_FEATURE.jpg,NG_NO_FEATURE,YES,B(hough_miss),3,True,Y,0,0,0.0,0.00|0.00|0.00|0.00|0.00|0.00|0.00|0.00,9,0,0,0,35,1
20260906_100510_CAM#000329_NG_NO_FEATURE.jpg,NG_NO_FEATURE,YES,B(hough_miss),2,True,Y,0,0,0.0,0.00|0.00|0.00|0.00|0.00|0.00|0.00|0.00,7,0,0,1,26,1
20260906_100512_CAM#000332_NG_NO_FEATURE.jpg,OK,YES,-,3,True,Y,11,3,0.879,0.88|0.87|0.87|0.87|0.87|0.87|0.86|0.85,8,11,0,1,19,1
20260906_100513_CAM#000333_NG_NO_FEATURE.jpg,OK,YES,-,3,True,Y,11,3,0.876,0.88|0.87|0.86|0.85|0.85|0.84|0.82|0.82,7,11,0,2,15,0
20260906_100515_CAM#000336_NG_NO_FEATURE.jpg,NG_NO_FEATURE,YES,B(hough_miss),3,True,Y,0,0,0.0,0.00|0.00|0.00|0.00|0.00|0.00|0.00|0.00,7,0,0,0,27,1
20260906_100516_CAM#000337_NG_NO_FEATURE.jpg,OK,YES,-,2,True,Y,7,3,0.883,0.88|0.87|0.87|0.87|0.86|0.86|0.83|0.00,7,7,0,0,20,1
20260906_100519_CAM#000341_NG_NO_FEATURE.jpg,NG_NO_FEATURE,YES,B(hough_miss),2,True,Y,0,0,0.0,0.00|0.00|0.00|0.00|0.00|0.00|0.00|0.00,7,0,0,0,26,2
20260906_100522_CAM#000344_NG_NO_FEATURE.jpg,OK,YES,-,2,True,Y,10,3,0.879,0.88|0.88|0.88|0.87|0.87|0.87|0.85|0.85,7,10,3,2,13,0
20260906_100523_CAM#000346_NG_NO_FEATURE.jpg,NG_NO_FEATURE,YES,B(hough_miss),2,True,Y,0,0,0.0,0.00|0.00|0.00|0.00|0.00|0.00|0.00|0.00,7,0,0,0,27,1
20260906_100526_CAM#000350_NG_NO_FEATURE.jpg,NG_NO_FEATURE,YES,B(hough_miss),3,True,Y,0,0,0.0,0.00|0.00|0.00|0.00|0.00|0.00|0.00|0.00,7,0,0,0,27,1
20260906_100527_CAM#000351_NG_NO_FEATURE.jpg,OK,YES,-,3,True,Y,8,2,0.867,0.87|0.87|0.87|0.87|0.86|0.86|0.82|0.81,8,8,2,2,19,1
20260906_100527_CAM#000352_NG_NO_FEATURE.jpg,OK,YES,-,3,True,Y,6,2,0.881,0.88|0.88|0.88|0.88|0.81|0.78|0.75|0.72,7,6,2,4,15,1
20260906_100528_CAM#000353_NG_NO_FEATURE.jpg,NG_NO_FEATURE,YES,B(hough_miss),3,True,Y,0,0,0.0,0.00|0.00|0.00|0.00|0.00|0.00|0.00|0.00,7,0,0,0,27,1
20260906_100529_CAM#000354_NG_NO_FEATURE.jpg,OK,YES,-,3,True,Y,8,2,0.879,0.88|0.87|0.86|0.85|0.85|0.85|0.84|0.84,8,8,1,0,22,1
20260906_100531_CAM#000356_NG_NO_FEATURE.jpg,NG_NO_FEATURE,YES,B(hough_miss),3,True,Y,0,0,0.0,0.00|0.00|0.00|0.00|0.00|0.00|0.00|0.00,8,0,0,2,29,1
20260906_100531_CAM#000357_NG_NO_FEATURE.jpg,OK,YES,-,2,True,Y,2,2,0.879,0.88|0.77|0.00|0.00|0.00|0.00|0.00|0.00,8,2,0,3,26,1
20260906_100534_CAM#000359_NG_NO_FEATURE.jpg,OK,YES,-,3,True,Y,5,2,0.874,0.87|0.86|0.86|0.85|0.83|0.00|0.00|0.00,6,5,0,3,16,0
20260906_100535_CAM#000360_NG_NO_FEATURE.jpg,OK,YES,-,2,True,Y,11,2,0.891,0.89|0.87|0.87|0.87|0.87|0.87|0.85|0.85,8,11,0,2,18,1
20260906_100535_CAM#000361_NG_NO_FEATURE.jpg,NG_NO_FEATURE,YES,B(hough_miss),3,True,Y,0,0,0.0,0.00|0.00|0.00|0.00|0.00|0.00|0.00|0.00,9,0,0,0,35,1
20260906_100537_CAM#000363_NG_NO_FEATURE.jpg,OK,YES,-,2,True,Y,12,3,0.873,0.87|0.86|0.86|0.86|0.86|0.86|0.85|0.85,5,12,0,1,7,0
20260906_100538_CAM#000364_NG_NO_FEATURE.jpg,NG_NO_FEATURE,YES,B(hough_miss),2,True,Y,0,0,0.0,0.00|0.00|0.00|0.00|0.00|0.00|0.00|0.00,8,0,0,4,27,1
20260906_100540_CAM#000367_NG_NO_FEATURE.jpg,NG_NO_FEATURE,YES,B(hough_miss),2,True,Y,2,1,0.882,0.88|0.85|0.00|0.00|0.00|0.00|0.00|0.00,8,2,0,2,27,1
20260906_100541_CAM#000368_NG_NO_FEATURE.jpg,NG_NO_FEATURE,YES,B(hough_miss),3,True,Y,0,0,0.0,0.00|0.00|0.00|0.00|0.00|0.00|0.00|0.00,7,0,0,3,25,0
20260906_100542_CAM#000369_NG_NO_FEATURE.jpg,OK,YES,-,2,True,Y,3,2,0.873,0.87|0.86|0.84|0.00|0.00|0.00|0.00|0.00,7,3,0,2,23,0
20260906_100543_CAM#000370_NG_NO_FEATURE.jpg,OK,YES,-,2,True,Y,8,3,0.877,0.88|0.87|0.87|0.86|0.86|0.86|0.85|0.78,8,8,0,3,20,1
20260906_100544_CAM#000371_NG_NO_FEATURE.jpg,OK,YES,-,2,True,Y,4,2,0.867,0.87|0.86|0.86|0.85|0.00|0.00|0.00|0.00,7,4,0,0,23,1
20260906_100546_CAM#000375_NG_NO_FEATURE.jpg,NG_NO_FEATURE,YES,B(hough_miss),3,True,Y,0,0,0.0,0.00|0.00|0.00|0.00|0.00|0.00|0.00|0.00,7,0,0,0,27,1
20260906_100546_CAM#000376_NG_NO_FEATURE.jpg,NG_NO_FEATURE,YES,B(hough_miss),3,True,Y,0,0,0.0,0.00|0.00|0.00|0.00|0.00|0.00|0.00|0.00,7,0,0,2,26,0
20260906_100547_CAM#000377_NG_NO_FEATURE.jpg,OK,YES,-,2,True,Y,10,3,0.893,0.89|0.88|0.88|0.87|0.87|0.86|0.86|0.86,6,10,0,2,11,1
20260906_100548_CAM#000378_NG_NO_FEATURE.jpg,NG_NO_FEATURE,YES,B(hough_miss),2,True,Y,0,0,0.0,0.00|0.00|0.00|0.00|0.00|0.00|0.00|0.00,10,0,0,3,35,2
20260906_100549_CAM#000379_NG_NO_FEATURE.jpg,NG_NO_FEATURE,YES,B(hough_miss),2,True,Y,1,1,0.836,0.84|0.00|0.00|0.00|0.00|0.00|0.00|0.00,9,1,0,2,32,1
20260906_100551_CAM#000382_NG_NO_FEATURE.jpg,NG_NO_FEATURE,YES,B(hough_miss),3,True,Y,0,0,0.0,0.00|0.00|0.00|0.00|0.00|0.00|0.00|0.00,8,0,0,2,29,1
20260906_100553_CAM#000384_NG_NO_FEATURE.jpg,NG_NO_FEATURE,YES,B(hough_miss),3,True,Y,2,1,0.83,0.83|0.82|0.00|0.00|0.00|0.00|0.00|0.00,7,2,0,0,25,1
20260906_100555_CAM#000386_NG_NO_FEATURE.jpg,NG_NO_FEATURE,YES,B(hough_miss),4,True,Y,0,0,0.0,0.00|0.00|0.00|0.00|0.00|0.00|0.00|0.00,11,0,0,5,36,3
20260906_100556_CAM#000387_NG_NO_FEATURE.jpg,OK,YES,-,2,True,Y,3,2,0.861,0.86|0.86|0.86|0.00|0.00|0.00|0.00|0.00,10,3,0,3,33,1
20260906_100557_CAM#000388_NG_NO_FEATURE.jpg,NG_NO_FEATURE,YES,B(hough_miss),2,True,Y,0,0,0.0,0.00|0.00|0.00|0.00|0.00|0.00|0.00|0.00,2,0,0,0,8,0
20260906_100557_CAM#000389_NG_NO_FEATURE.jpg,NG_NO_FEATURE,YES,B(hough_miss),2,True,Y,4,1,0.856,0.86|0.85|0.84|0.84|0.72|0.00|0.00|0.00,8,4,1,1,25,1
20260906_100559_CAM#000390_NG_NO_FEATURE.jpg,OK,YES,-,3,True,Y,11,4,0.873,0.87|0.87|0.86|0.86|0.86|0.86|0.86|0.86,7,11,0,3,14,0
20260906_100600_CAM#000391_NG_NO_FEATURE.jpg,OK,YES,-,3,True,Y,10,2,0.887,0.89|0.89|0.87|0.87|0.87|0.87|0.86|0.83,7,10,0,0,17,1
20260906_100600_CAM#000392_NG_NO_FEATURE.jpg,NG_NO_FEATURE,YES,B(hough_miss),2,True,Y,3,1,0.879,0.88|0.88|0.85|0.00|0.00|0.00|0.00|0.00,7,3,0,3,22,0
20260906_100602_CAM#000394_NG_NO_FEATURE.jpg,NG_NO_FEATURE,YES,B(hough_miss),3,True,Y,0,0,0.0,0.00|0.00|0.00|0.00|0.00|0.00|0.00|0.00,8,0,0,0,31,1
20260906_100605_CAM#000397_NG_NO_FEATURE.jpg,NG_NO_FEATURE,YES,B(hough_miss),2,True,Y,0,0,0.0,0.00|0.00|0.00|0.00|0.00|0.00|0.00|0.00,8,0,0,0,31,1
20260906_100607_CAM#000400_NG_NO_FEATURE.jpg,OK,YES,-,3,True,Y,7,2,0.878,0.88|0.88|0.87|0.86|0.86|0.86|0.83|0.00,7,7,0,1,19,1
20260906_100608_CAM#000401_NG_NO_FEATURE.jpg,OK,YES,-,3,True,Y,5,2,0.892,0.89|0.89|0.86|0.86|0.81|0.00|0.00|0.00,7,5,0,1,22,0
20260906_100609_CAM#000402_NG_NO_FEATURE.jpg,NG_NO_FEATURE,YES,B(hough_miss),2,True,Y,0,0,0.0,0.00|0.00|0.00|0.00|0.00|0.00|0.00|0.00,8,0,0,1,30,1
20260906_100610_CAM#000403_NG_NO_FEATURE.jpg,NG_NO_FEATURE,YES,B(hough_miss),2,True,Y,0,0,0.0,0.00|0.00|0.00|0.00|0.00|0.00|0.00|0.00,8,0,0,0,31,1
20260906_100611_CAM#000404_NG_NO_FEATURE.jpg,OK,YES,-,3,True,Y,9,3,0.878,0.88|0.88|0.87|0.87|0.87|0.87|0.87|0.87,8,9,1,3,18,1
20260906_100611_CAM#000405_NG_NO_FEATURE.jpg,NG_NO_FEATURE,YES,B(hough_miss),2,True,Y,2,1,0.869,0.87|0.82|0.00|0.00|0.00|0.00|0.00|0.00,7,2,0,3,21,2
20260906_100614_CAM#000408_NG_NO_FEATURE.jpg,NG_NO_FEATURE,YES,B(hough_miss),3,True,Y,0,0,0.0,0.00|0.00|0.00|0.00|0.00|0.00|0.00|0.00,8,0,0,0,31,1
20260906_100617_CAM#000412_NG_NO_FEATURE.jpg,NG_NO_FEATURE,YES,B(hough_miss),3,True,Y,0,0,0.0,0.00|0.00|0.00|0.00|0.00|0.00|0.00|0.00,9,0,0,0,35,1
20260906_100617_CAM#000413_NG_NO_FEATURE.jpg,NG_NO_FEATURE,YES,B(hough_miss),2,True,Y,0,0,0.0,0.00|0.00|0.00|0.00|0.00|0.00|0.00|0.00,8,0,0,3,28,1
20260906_100619_CAM#000414_NG_NO_FEATURE.jpg,NG_NO_FEATURE,YES,B(hough_miss),2,True,Y,0,0,0.0,0.00|0.00|0.00|0.00|0.00|0.00|0.00|0.00,8,0,0,1,29,2
20260906_100620_CAM#000415_NG_NO_FEATURE.jpg,NG_NO_FEATURE,YES,B(hough_miss),2,True,Y,0,0,0.0,0.00|0.00|0.00|0.00|0.00|0.00|0.00|0.00,4,0,0,3,13,0
20260906_100621_CAM#000416_NG_NO_FEATURE.jpg,NG_NO_FEATURE,YES,B(hough_miss),3,True,Y,0,0,0.0,0.00|0.00|0.00|0.00|0.00|0.00|0.00|0.00,10,0,0,0,38,2
20260906_100624_CAM#000420_NG_NO_FEATURE.jpg,NG_NO_FEATURE,YES,B(hough_miss),2,True,Y,0,0,0.0,0.00|0.00|0.00|0.00|0.00|0.00|0.00|0.00,7,0,0,0,28,0
20260906_100626_CAM#000423_NG_NO_FEATURE.jpg,NG_NO_FEATURE,YES,B(hough_miss),2,True,Y,0,0,0.0,0.00|0.00|0.00|0.00|0.00|0.00|0.00|0.00,8,0,0,0,31,1
20260906_100628_CAM#000425_NG_NO_FEATURE.jpg,NG_NO_FEATURE,YES,B(hough_miss),3,True,Y,0,0,0.0,0.00|0.00|0.00|0.00|0.00|0.00|0.00|0.00,8,0,0,3,29,0
20260906_100629_CAM#000427_NG_NO_FEATURE.jpg,NG_NO_FEATURE,YES,B(hough_miss),3,True,Y,0,0,0.0,0.00|0.00|0.00|0.00|0.00|0.00|0.00|0.00,6,0,0,1,22,1
20260906_100631_CAM#000429_NG_NO_FEATURE.jpg,NG_NO_FEATURE,YES,B(hough_miss),3,True,Y,0,0,0.0,0.00|0.00|0.00|0.00|0.00|0.00|0.00|0.00,8,0,0,2,30,0
20260906_100631_CAM#000430_NG_NO_FEATURE.jpg,NG_NO_FEATURE,YES,B(hough_miss),2,True,Y,0,0,0.0,0.00|0.00|0.00|0.00|0.00|0.00|0.00|0.00,7,0,0,4,23,1
20260906_100632_CAM#000431_NG_NO_FEATURE.jpg,NG_NO_FEATURE,YES,B(hough_miss),2,True,Y,0,0,0.0,0.00|0.00|0.00|0.00|0.00|0.00|0.00|0.00,6,0,0,0,24,0
20260906_100633_CAM#000432_NG_NO_FEATURE.jpg,NG_NO_FEATURE,YES,B(hough_miss),3,True,Y,0,0,0.0,0.00|0.00|0.00|0.00|0.00|0.00|0.00|0.00,9,0,0,0,35,1
20260906_100633_CAM#000433_NG_NO_FEATURE.jpg,NG_NO_FEATURE,YES,B(hough_miss),3,True,Y,0,0,0.0,0.00|0.00|0.00|0.00|0.00|0.00|0.00|0.00,8,0,0,1,30,1
20260906_100634_CAM#000434_NG_NO_FEATURE.jpg,NG_NO_FEATURE,YES,B(hough_miss),2,True,Y,0,0,0.0,0.00|0.00|0.00|0.00|0.00|0.00|0.00|0.00,7,0,0,1,26,1
20260906_100635_CAM#000435_NG_NO_FEATURE.jpg,NG_NO_FEATURE,YES,B(hough_miss),3,True,Y,0,0,0.0,0.00|0.00|0.00|0.00|0.00|0.00|0.00|0.00,6,0,0,1,23,0
20260906_100635_CAM#000436_NG_NO_FEATURE.jpg,NG_NO_FEATURE,YES,B(hough_miss),3,True,Y,0,0,0.0,0.00|0.00|0.00|0.00|0.00|0.00|0.00|0.00,8,0,0,2,29,1
20260906_100638_CAM#000438_NG_NO_FEATURE.jpg,NG_NO_FEATURE,YES,B(hough_miss),2,True,Y,0,0,0.0,0.00|0.00|0.00|0.00|0.00|0.00|0.00|0.00,2,0,0,0,8,0
20260906_100644_CAM#000440_NG_NO_FEATURE.jpg,OK,YES,-,3,True,Y,13,3,0.879,0.88|0.88|0.88|0.88|0.88|0.87|0.86|0.86,8,13,0,1,17,1
20260906_100649_CAM#000445_NG_NO_FEATURE.jpg,NG_NO_FEATURE,YES,B(hough_miss),3,True,Y,0,0,0.0,0.00|0.00|0.00|0.00|0.00|0.00|0.00|0.00,7,0,0,0,27,1
20260906_100650_CAM#000446_NG_NO_FEATURE.jpg,NG_NO_FEATURE,YES,B(hough_miss),2,True,Y,0,0,0.0,0.00|0.00|0.00|0.00|0.00|0.00|0.00|0.00,8,0,0,1,30,1
20260906_100651_CAM#000447_NG_NO_FEATURE.jpg,NG_NO_FEATURE,YES,B(hough_miss),3,True,Y,0,0,0.0,0.00|0.00|0.00|0.00|0.00|0.00|0.00|0.00,2,0,0,0,8,0
20260906_100652_CAM#000448_NG_NO_FEATURE.jpg,NG_NO_FEATURE,YES,B(hough_miss),2,True,Y,0,0,0.0,0.00|0.00|0.00|0.00|0.00|0.00|0.00|0.00,9,0,0,2,32,2
20260906_100652_CAM#000449_NG_NO_FEATURE.jpg,NG_NO_FEATURE,YES,B(hough_miss),2,True,Y,0,0,0.0,0.00|0.00|0.00|0.00|0.00|0.00|0.00|0.00,9,0,0,1,34,1
20260906_100657_CAM#000455_NG_NO_FEATURE.jpg,NG_NO_FEATURE,YES,B(hough_miss),2,True,Y,0,0,0.0,0.00|0.00|0.00|0.00|0.00|0.00|0.00|0.00,7,0,0,0,27,1
20260906_100700_CAM#000457_NG_NO_FEATURE.jpg,NG_NO_FEATURE,YES,B(hough_miss),2,True,Y,0,0,0.0,0.00|0.00|0.00|0.00|0.00|0.00|0.00|0.00,6,0,0,2,22,0
20260906_100701_CAM#000458_NG_NO_FEATURE.jpg,NG_NO_FEATURE,YES,B(hough_miss),2,True,Y,0,0,0.0,0.00|0.00|0.00|0.00|0.00|0.00|0.00|0.00,4,0,0,1,15,0
20260906_100701_CAM#000459_NG_NO_FEATURE.jpg,NG_NO_FEATURE,YES,B(hough_miss),3,True,Y,0,0,0.0,0.00|0.00|0.00|0.00|0.00|0.00|0.00|0.00,7,0,0,4,23,1
20260906_100704_CAM#000461_NG_NO_FEATURE.jpg,OK,YES,-,3,True,Y,9,3,0.879,0.88|0.88|0.86|0.85|0.85|0.84|0.84|0.77,7,9,1,7,11,0
20260906_100706_CAM#000463_NG_NO_FEATURE.jpg,NG_NO_FEATURE,YES,B(hough_miss),2,True,Y,4,1,0.885,0.89|0.86|0.85|0.85|0.00|0.00|0.00|0.00,8,4,0,10,16,2
20260906_100707_CAM#000464_NG_NO_FEATURE.jpg,NG_NO_FEATURE,YES,B(hough_miss),3,True,Y,0,0,0.0,0.00|0.00|0.00|0.00|0.00|0.00|0.00|0.00,7,0,0,6,21,1
20260906_100926_CAM#000465_NG_NO_FEATURE.jpg,NG_NO_FEATURE,YES,B(hough_miss),3,True,Y,1,1,0.872,0.87|0.00|0.00|0.00|0.00|0.00|0.00|0.00,7,1,0,5,21,1
20260906_100933_CAM#000467_NG_NO_FEATURE.jpg,NG_NO_FEATURE,NO,-,1,True,Y,0,0,0.0,0.00|0.00|0.00|0.00|0.00|0.00,2,0,0,0,6,2
20260906_100934_CAM#000468_NG_NO_FEATURE.jpg,NG_NO_FEATURE,YES,B(hough_miss),3,True,Y,1,1,0.765,0.77|0.00|0.00|0.00|0.00|0.00|0.00|0.00,9,1,0,0,34,1
20260906_100934_CAM#000469_NG_NO_FEATURE.jpg,NG_NO_FEATURE,YES,B(hough_miss),2,True,Y,0,0,0.0,0.00|0.00|0.00|0.00|0.00|0.00|0.00|0.00,8,0,0,0,31,1
20260906_100935_CAM#000470_NG_NO_FEATURE.jpg,OK,YES,-,3,True,Y,9,3,0.879,0.88|0.87|0.87|0.87|0.86|0.86|0.79|0.79,7,9,0,1,18,0
20260906_100936_CAM#000472_NG_NO_FEATURE.jpg,NG_NO_FEATURE,YES,B(hough_miss),3,True,Y,0,0,0.0,0.00|0.00|0.00|0.00|0.00|0.00|0.00|0.00,8,0,0,3,28,1
20260906_100937_CAM#000475_NG_NO_FEATURE.jpg,NG_NO_FEATURE,YES,B(hough_miss),3,True,Y,0,0,0.0,0.00|0.00|0.00|0.00|0.00|0.00|0.00|0.00,7,0,0,1,26,1
20260906_100938_CAM#000476_NG_NO_FEATURE.jpg,OK,YES,-,3,True,Y,7,2,0.863,0.86|0.86|0.86|0.85|0.84|0.83|0.83|0.00,7,7,0,3,17,1
20260906_100938_CAM#000477_NG_NO_FEATURE.jpg,NG_NO_FEATURE,YES,B(hough_miss),3,True,Y,1,1,0.868,0.87|0.00|0.00|0.00|0.00|0.00|0.00|0.00,5,1,0,2,16,1
20260906_100939_CAM#000478_NG_NO_FEATURE.jpg,NG_NO_FEATURE,YES,B(hough_miss),3,True,Y,0,0,0.0,0.00|0.00|0.00|0.00|0.00|0.00|0.00|0.00,8,0,0,0,30,2
20260906_100940_CAM#000479_NG_NO_FEATURE.jpg,NG_NO_FEATURE,YES,B(hough_miss),3,True,Y,0,0,0.0,0.00|0.00|0.00|0.00|0.00|0.00|0.00|0.00,9,0,0,0,34,2
20260906_100944_CAM#000481_NG_NO_FEATURE.jpg,NG_NO_FEATURE,YES,B(hough_miss),3,True,Y,0,0,0.0,0.00|0.00|0.00|0.00|0.00|0.00|0.00|0.00,8,0,0,0,30,2
20260906_100945_CAM#000483_NG_NO_FEATURE.jpg,NG_NO_FEATURE,YES,B(hough_miss),3,True,Y,0,0,0.0,0.00|0.00|0.00|0.00|0.00|0.00|0.00|0.00,10,0,0,1,38,1
20260906_100946_CAM#000484_NG_NO_FEATURE.jpg,OK,YES,-,3,True,Y,5,2,0.9,0.90|0.89|0.88|0.87|0.85|0.00|0.00|0.00,8,5,0,3,23,1
20260906_100946_CAM#000485_NG_NO_FEATURE.jpg,NG_NO_FEATURE,YES,B(hough_miss),2,True,Y,0,0,0.0,0.00|0.00|0.00|0.00|0.00|0.00|0.00|0.00,3,0,0,0,12,0
20260906_100947_CAM#000486_NG_NO_FEATURE.jpg,OK,YES,-,3,True,Y,13,4,0.897,0.90|0.90|0.88|0.88|0.88|0.88|0.88|0.87,8,13,0,1,17,1
20260906_100948_CAM#000490_NG_NO_FEATURE.jpg,NG_NO_FEATURE,YES,B(hough_miss),2,True,Y,0,0,0.0,0.00|0.00|0.00|0.00|0.00|0.00|0.00|0.00,7,0,0,0,27,1
20260906_100949_CAM#000491_NG_NO_FEATURE.jpg,NG_NO_FEATURE,YES,B(hough_miss),2,True,Y,0,0,0.0,0.00|0.00|0.00|0.00|0.00|0.00|0.00|0.00,5,0,0,0,20,0
20260906_100949_CAM#000492_NG_NO_FEATURE.jpg,OK,YES,-,3,True,Y,10,3,0.877,0.88|0.87|0.86|0.85|0.85|0.85|0.85|0.85,8,10,0,2,19,1
20260906_100950_CAM#000493_NG_NO_FEATURE.jpg,NG_NO_FEATURE,YES,B(hough_miss),3,True,Y,0,0,0.0,0.00|0.00|0.00|0.00|0.00|0.00|0.00|0.00,6,0,0,0,23,1
20260906_100950_CAM#000494_NG_NO_FEATURE.jpg,NG_NO_FEATURE,YES,B(hough_miss),2,True,Y,0,0,0.0,0.00|0.00|0.00|0.00|0.00|0.00|0.00|0.00,8,0,0,1,30,1
20260906_100951_CAM#000495_NG_NO_FEATURE.jpg,NG_NO_FEATURE,YES,B(hough_miss),3,True,Y,0,0,0.0,0.00|0.00|0.00|0.00|0.00|0.00|0.00|0.00,9,0,0,2,33,1
20260906_100952_CAM#000496_NG_NO_FEATURE.jpg,NG_NO_FEATURE,YES,B(hough_miss),2,True,Y,0,0,0.0,0.00|0.00|0.00|0.00|0.00|0.00|0.00|0.00,8,0,0,1,30,1
20260906_100953_CAM#000498_NG_NO_FEATURE.jpg,NG_NO_FEATURE,YES,B(hough_miss),2,True,Y,0,0,0.0,0.00|0.00|0.00|0.00|0.00|0.00|0.00|0.00,8,0,0,1,30,1
20260906_100954_CAM#000500_NG_NO_FEATURE.jpg,NG_NO_FEATURE,YES,B(hough_miss),3,True,Y,0,0,0.0,0.00|0.00|0.00|0.00|0.00|0.00|0.00|0.00,10,0,0,1,37,2
20260906_100954_CAM#000501_NG_NO_FEATURE.jpg,NG_NO_FEATURE,YES,B(hough_miss),2,True,Y,0,0,0.0,0.00|0.00|0.00|0.00|0.00|0.00|0.00|0.00,7,0,0,0,27,1
20260906_100956_CAM#000502_NG_NO_FEATURE.jpg,NG_NO_FEATURE,YES,B(hough_miss),2,True,Y,0,0,0.0,0.00|0.00|0.00|0.00|0.00|0.00|0.00|0.00,8,0,0,0,31,1
20260906_100958_CAM#000503_NG_NO_FEATURE.jpg,NG_NO_FEATURE,YES,B(hough_miss),3,True,Y,0,0,0.0,0.00|0.00|0.00|0.00|0.00|0.00|0.00|0.00,8,0,0,4,28,0
20260906_100959_CAM#000505_NG_NO_FEATURE.jpg,NG_NO_FEATURE,YES,B(hough_miss),3,True,Y,0,0,0.0,0.00|0.00|0.00|0.00|0.00|0.00|0.00|0.00,8,0,0,0,30,2
20260906_101000_CAM#000507_NG_NO_FEATURE.jpg,NG_NO_FEATURE,YES,B(hough_miss),2,True,Y,0,0,0.0,0.00|0.00|0.00|0.00|0.00|0.00|0.00|0.00,7,0,0,1,26,1
20260906_101001_CAM#000508_NG_NO_FEATURE.jpg,NG_NO_FEATURE,YES,B(hough_miss),2,True,Y,0,0,0.0,0.00|0.00|0.00|0.00|0.00|0.00|0.00|0.00,5,0,0,0,19,1
20260906_101001_CAM#000509_NG_NO_FEATURE.jpg,NG_NO_FEATURE,YES,B(hough_miss),2,True,Y,0,0,0.0,0.00|0.00|0.00|0.00|0.00|0.00|0.00|0.00,7,0,0,0,27,1
20260906_101002_CAM#000510_NG_NO_FEATURE.jpg,OK,YES,-,3,True,Y,9,2,0.885,0.89|0.87|0.87|0.86|0.86|0.86|0.86|0.82,7,9,2,0,17,0
20260906_101003_CAM#000512_NG_NO_FEATURE.jpg,NG_NO_FEATURE,YES,B(hough_miss),3,True,Y,0,0,0.0,0.00|0.00|0.00|0.00|0.00|0.00|0.00|0.00,9,0,0,2,33,1
20260906_101003_CAM#000513_NG_NO_FEATURE.jpg,NG_NO_FEATURE,YES,B(hough_miss),2,True,Y,0,0,0.0,0.00|0.00|0.00|0.00|0.00|0.00|0.00|0.00,8,0,0,2,29,1
20260906_101004_CAM#000515_NG_NO_FEATURE.jpg,NG_NO_FEATURE,YES,B(hough_miss),3,True,Y,0,0,0.0,0.00|0.00|0.00|0.00|0.00|0.00|0.00|0.00,9,0,0,3,33,0
20260906_101005_CAM#000516_NG_NO_FEATURE.jpg,NG_NO_FEATURE,YES,B(hough_miss),2,True,Y,1,1,0.874,0.87|0.00|0.00|0.00|0.00|0.00|0.00|0.00,7,1,0,0,26,1
20260906_101006_CAM#000518_NG_NO_FEATURE.jpg,NG_NO_FEATURE,YES,B(hough_miss),2,True,Y,0,0,0.0,0.00|0.00|0.00|0.00|0.00|0.00|0.00|0.00,8,0,0,0,31,1
20260906_101007_CAM#000520_NG_NO_FEATURE.jpg,NG_NO_FEATURE,YES,B(hough_miss),2,True,Y,0,0,0.0,0.00|0.00|0.00|0.00|0.00|0.00|0.00|0.00,7,0,0,0,26,2
20260906_101007_CAM#000521_NG_NO_FEATURE.jpg,NG_NO_FEATURE,YES,B(hough_miss),3,True,Y,0,0,0.0,0.00|0.00|0.00|0.00|0.00|0.00|0.00|0.00,7,0,0,0,27,1
20260906_101008_CAM#000522_NG_NO_FEATURE.jpg,NG_NO_FEATURE,YES,B(hough_miss),2,True,Y,0,0,0.0,0.00|0.00|0.00|0.00|0.00|0.00|0.00|0.00,4,0,0,0,16,0
20260906_101009_CAM#000525_NG_NO_FEATURE.jpg,NG_NO_FEATURE,YES,B(hough_miss),4,True,Y,1,1,0.815,0.81|0.00|0.00|0.00|0.00|0.00|0.00|0.00,8,1,0,2,28,1
20260906_101010_CAM#000526_NG_NO_FEATURE.jpg,NG_NO_FEATURE,YES,B(hough_miss),2,True,Y,0,0,0.0,0.00|0.00|0.00|0.00|0.00|0.00|0.00|0.00,9,0,0,1,34,1
20260906_101010_CAM#000527_NG_NO_FEATURE.jpg,NG_NO_FEATURE,YES,B(hough_miss),2,True,Y,0,0,0.0,0.00|0.00|0.00|0.00|0.00|0.00|0.00|0.00,7,0,0,0,27,1
20260906_101010_CAM#000528_NG_NO_FEATURE.jpg,NG_NO_FEATURE,YES,B(hough_miss),3,True,Y,2,1,0.836,0.84|0.81|0.00|0.00|0.00|0.00|0.00|0.00,6,2,0,2,19,1
20260906_101013_CAM#000532_NG_NO_FEATURE.jpg,NG_NO_FEATURE,YES,B(hough_miss),2,True,Y,0,0,0.0,0.00|0.00|0.00|0.00|0.00|0.00|0.00|0.00,7,0,0,0,26,2
20260906_101014_CAM#000534_NG_NO_FEATURE.jpg,NG_NO_FEATURE,YES,B(hough_miss),2,True,Y,0,0,0.0,0.00|0.00|0.00|0.00|0.00|0.00|0.00|0.00,9,0,0,1,32,3
20260906_101015_CAM#000535_NG_NO_FEATURE.jpg,NG_NO_FEATURE,YES,B(hough_miss),2,True,Y,0,0,0.0,0.00|0.00|0.00|0.00|0.00|0.00|0.00|0.00,9,0,0,3,30,3
20260906_101016_CAM#000537_NG_NO_FEATURE.jpg,NG_NO_FEATURE,YES,B(hough_miss),3,True,Y,1,1,0.893,0.89|0.00|0.00|0.00|0.00|0.00|0.00|0.00,9,1,0,1,32,2
20260906_101017_CAM#000539_NG_NO_FEATURE.jpg,NG_NO_FEATURE,YES,B(hough_miss),3,True,Y,0,0,0.0,0.00|0.00|0.00|0.00|0.00|0.00|0.00|0.00,9,0,0,8,28,0
20260906_101019_CAM#000543_NG_NO_FEATURE.jpg,NG_NO_FEATURE,YES,B(hough_miss),2,True,Y,0,0,0.0,0.00|0.00|0.00|0.00|0.00|0.00|0.00|0.00,4,0,0,2,14,0
20260906_101019_CAM#000544_NG_NO_FEATURE.jpg,NG_NO_FEATURE,YES,B(hough_miss),2,True,Y,0,0,0.0,0.00|0.00|0.00|0.00|0.00|0.00|0.00|0.00,3,0,0,0,9,3
20260906_101020_CAM#000546_NG_NO_FEATURE.jpg,NG_NO_FEATURE,YES,B(hough_miss),3,True,Y,3,1,0.867,0.87|0.87|0.82|0.66|0.00|0.00|0.00|0.00,8,3,1,3,25,0
20260906_101021_CAM#000547_NG_NO_FEATURE.jpg,NG_NO_FEATURE,YES,B(hough_miss),3,True,Y,0,0,0.0,0.00|0.00|0.00|0.00|0.00|0.00|0.00|0.00,7,0,0,1,26,1
20260906_101021_CAM#000548_NG_NO_FEATURE.jpg,NG_NO_FEATURE,YES,B(hough_miss),2,True,Y,0,0,0.0,0.00|0.00|0.00|0.00|0.00|0.00|0.00|0.00,2,0,0,0,8,0
20260906_101022_CAM#000549_NG_NO_FEATURE.jpg,NG_NO_FEATURE,YES,B(hough_miss),3,True,Y,0,0,0.0,0.00|0.00|0.00|0.00|0.00|0.00|0.00|0.00,10,0,0,1,35,4
20260906_101022_CAM#000550_NG_NO_FEATURE.jpg,NG_NO_FEATURE,YES,B(hough_miss),2,True,Y,0,0,0.0,0.00|0.00|0.00|0.00|0.00|0.00|0.00|0.00,8,0,0,0,30,2
20260906_101024_CAM#000554_NG_NO_FEATURE.jpg,OK,YES,-,3,True,Y,8,2,0.887,0.89|0.87|0.87|0.86|0.86|0.85|0.84|0.82,8,8,2,3,18,1
20260906_101025_CAM#000556_NG_NO_FEATURE.jpg,NG_NO_FEATURE,YES,B(hough_miss),4,True,Y,0,0,0.0,0.00|0.00|0.00|0.00|0.00|0.00|0.00|0.00,9,0,0,0,35,1
20260906_101027_CAM#000559_NG_NO_FEATURE.jpg,NG_NO_FEATURE,YES,B(hough_miss),3,True,Y,1,1,0.868,0.87|0.00|0.00|0.00|0.00|0.00|0.00|0.00,11,1,0,6,36,1
20260906_101028_CAM#000560_NG_NO_FEATURE.jpg,OK,YES,-,3,True,Y,3,2,0.879,0.88|0.88|0.79|0.00|0.00|0.00|0.00|0.00,10,3,0,6,29,2
20260906_101028_CAM#000561_NG_NO_FEATURE.jpg,NG_NO_FEATURE,YES,B(hough_miss),3,True,Y,1,1,0.864,0.86|0.00|0.00|0.00|0.00|0.00|0.00|0.00,4,1,0,0,14,1
20260906_101029_CAM#000562_NG_NO_FEATURE.jpg,OK,YES,-,3,True,Y,10,4,0.871,0.87|0.87|0.86|0.86|0.86|0.86|0.85|0.85,6,10,0,4,10,0
20260906_101029_CAM#000563_NG_NO_FEATURE.jpg,NG_NO_FEATURE,YES,B(hough_miss),2,True,Y,0,0,0.0,0.00|0.00|0.00|0.00|0.00|0.00|0.00|0.00,7,0,0,4,24,0
20260906_101030_CAM#000565_NG_NO_FEATURE.jpg,NG_NO_FEATURE,YES,B(hough_miss),2,True,Y,0,0,0.0,0.00|0.00|0.00|0.00|0.00|0.00|0.00|0.00,10,0,0,5,31,4
20260906_101032_CAM#000569_NG_NO_FEATURE.jpg,NG_NO_FEATURE,YES,B(hough_miss),2,True,Y,1,1,0.865,0.86|0.68|0.00|0.00|0.00|0.00|0.00|0.00,10,1,1,4,29,5
20260906_101033_CAM#000571_NG_NO_FEATURE.jpg,NG_NO_FEATURE,YES,B(hough_miss),2,True,Y,0,0,0.0,0.00|0.00|0.00|0.00|0.00|0.00|0.00|0.00,8,0,0,0,31,1
20260906_101034_CAM#000573_NG_NO_FEATURE.jpg,NG_NO_FEATURE,NO,-,1,True,Y,0,0,0.0,0.00|0.00|0.00|0.00|0.00|0.00|0.00|0.00,2,0,0,0,8,0
20260906_101035_CAM#000574_NG_NO_FEATURE.jpg,NG_NO_FEATURE,NO,-,1,True,Y,0,0,0.0,0.00|0.00|0.00|0.00|0.00|0.00|0.00|0.00,2,0,0,1,7,0
20260906_101035_CAM#000575_NG_NO_FEATURE.jpg,NG_NO_FEATURE,YES,B(hough_miss),3,True,Y,0,0,0.0,0.00|0.00|0.00|0.00|0.00|0.00|0.00|0.00,8,0,0,0,32,0
20260906_101036_CAM#000576_NG_NO_FEATURE.jpg,NG_NO_FEATURE,YES,B(hough_miss),2,True,Y,0,0,0.0,0.00|0.00|0.00|0.00|0.00|0.00|0.00|0.00,7,0,0,3,24,1
20260906_101036_CAM#000577_NG_NO_FEATURE.jpg,NG_NO_FEATURE,YES,B(hough_miss),2,True,Y,0,0,0.0,0.00|0.00|0.00|0.00|0.00|0.00|0.00|0.00,8,0,0,0,31,1
20260906_101037_CAM#000578_NG_NO_FEATURE.jpg,OK,YES,-,3,True,Y,7,3,0.861,0.86|0.85|0.83|0.82|0.79|0.78|0.76|0.00,6,7,0,0,16,1
20260906_101039_CAM#000580_NG_NO_FEATURE.jpg,NG_NO_FEATURE,YES,B(hough_miss),3,True,Y,0,0,0.0,0.00|0.00|0.00|0.00|0.00|0.00|0.00|0.00,7,0,0,0,27,1
20260906_101039_CAM#000581_NG_NO_FEATURE.jpg,NG_NO_FEATURE,YES,B(hough_miss),2,True,Y,1,1,0.867,0.87|0.00|0.00|0.00|0.00|0.00|0.00|0.00,4,1,0,3,11,1
20260906_101040_CAM#000583_NG_NO_FEATURE.jpg,NG_NO_FEATURE,YES,B(hough_miss),2,True,Y,0,0,0.0,0.00|0.00|0.00|0.00|0.00|0.00|0.00|0.00,5,0,0,0,19,1
20260906_101040_CAM#000584_NG_NO_FEATURE.jpg,OK,YES,-,2,True,Y,6,3,0.868,0.87|0.87|0.86|0.86|0.85|0.85|0.00|0.00,9,6,0,2,27,1
20260906_101041_CAM#000585_NG_NO_FEATURE.jpg,NG_NO_FEATURE,YES,B(hough_miss),2,True,Y,0,0,0.0,0.00|0.00|0.00|0.00|0.00|0.00|0.00|0.00,4,0,0,0,16,0
20260906_101041_CAM#000586_NG_NO_FEATURE.jpg,OK,YES,-,2,True,Y,16,3,0.873,0.87|0.87|0.87|0.87|0.87|0.86|0.85|0.85,8,16,0,1,14,1
20260906_101042_CAM#000587_NG_NO_FEATURE.jpg,NG_NO_FEATURE,YES,B(hough_miss),2,True,Y,0,0,0.0,0.00|0.00|0.00|0.00|0.00|0.00|0.00|0.00,10,0,0,0,36,4
20260906_101043_CAM#000588_NG_NO_FEATURE.jpg,NG_NO_FEATURE,YES,B(hough_miss),2,True,Y,0,0,0.0,0.00|0.00|0.00|0.00|0.00|0.00|0.00|0.00,9,0,0,2,32,2
20260906_101043_CAM#000589_NG_NO_FEATURE.jpg,NG_NO_FEATURE,YES,B(hough_miss),2,True,Y,0,0,0.0,0.00|0.00|0.00|0.00|0.00|0.00|0.00|0.00,10,0,0,1,36,3
20260906_101044_CAM#000590_NG_NO_FEATURE.jpg,NG_NO_FEATURE,YES,B(hough_miss),2,True,Y,0,0,0.0,0.00|0.00|0.00|0.00|0.00|0.00|0.00|0.00,10,0,0,2,35,3
20260906_101044_CAM#000591_NG_NO_FEATURE.jpg,NG_NO_FEATURE,YES,B(hough_miss),2,True,Y,0,0,0.0,0.00|0.00|0.00|0.00|0.00|0.00|0.00|0.00,10,0,0,1,36,3
20260906_101045_CAM#000592_NG_NO_FEATURE.jpg,NG_NO_FEATURE,YES,B(hough_miss),3,True,Y,0,0,0.0,0.00|0.00|0.00|0.00|0.00|0.00|0.00|0.00,6,0,0,3,21,0
20260906_101046_CAM#000594_NG_NO_FEATURE.jpg,NG_NO_FEATURE,YES,B(hough_miss),2,True,Y,0,0,0.0,0.00|0.00|0.00|0.00|0.00|0.00|0.00|0.00,10,0,0,2,32,6
20260906_101046_CAM#000595_NG_NO_FEATURE.jpg,OK,YES,-,3,True,Y,7,2,0.873,0.87|0.87|0.86|0.86|0.86|0.86|0.86|0.00,8,7,0,1,23,1
20260906_101047_CAM#000596_NG_NO_FEATURE.jpg,NG_NO_FEATURE,YES,B(hough_miss),2,True,Y,1,1,0.79,0.79|0.00|0.00|0.00|0.00|0.00|0.00|0.00,7,1,0,1,25,1
20260906_101047_CAM#000597_NG_NO_FEATURE.jpg,NG_NO_FEATURE,YES,B(hough_miss),2,True,Y,0,0,0.0,0.00|0.00|0.00|0.00|0.00|0.00|0.00|0.00,6,0,0,1,23,0
20260906_101048_CAM#000598_NG_NO_FEATURE.jpg,NG_NO_FEATURE,YES,B(hough_miss),2,True,Y,0,0,0.0,0.00|0.00|0.00|0.00|0.00|0.00|0.00|0.00,10,0,0,1,39,0
20260906_101049_CAM#000600_NG_NO_FEATURE.jpg,NG_NO_FEATURE,YES,B(hough_miss),3,True,Y,0,0,0.0,0.00|0.00|0.00|0.00|0.00|0.00|0.00|0.00,11,0,0,6,35,3
20260906_101049_CAM#000601_NG_NO_FEATURE.jpg,NG_HOLE_NOT_FOUND,NO,-,0,False,,0,0,0.0,,0,0,0,0,0,0
20260906_101051_CAM#000604_NG_NO_FEATURE.jpg,OK,YES,-,3,True,Y,8,2,0.864,0.86|0.86|0.86|0.86|0.86|0.85|0.84|0.80,8,8,1,1,21,1
20260906_101053_CAM#000607_NG_NO_FEATURE.jpg,NG_NO_FEATURE,YES,B(hough_miss),2,True,Y,0,0,0.0,0.00|0.00|0.00|0.00|0.00|0.00|0.00|0.00,5,0,0,0,19,1
20260906_101054_CAM#000609_NG_NO_FEATURE.jpg,NG_NO_FEATURE,YES,B(hough_miss),2,True,Y,0,0,0.0,0.00|0.00|0.00|0.00|0.00|0.00|0.00|0.00,8,0,0,1,30,1
20260906_101055_CAM#000611_NG_NO_FEATURE.jpg,NG_NO_FEATURE,YES,B(hough_miss),3,True,Y,0,0,0.0,0.00|0.00|0.00|0.00|0.00|0.00|0.00|0.00,7,0,0,1,26,1
20260906_101056_CAM#000612_NG_NO_FEATURE.jpg,OK,YES,-,3,True,Y,6,3,0.871,0.87|0.86|0.86|0.85|0.84|0.79|0.00|0.00,7,6,0,0,21,1
20260906_101057_CAM#000614_NG_NO_FEATURE.jpg,NG_NO_FEATURE,YES,B(hough_miss),2,True,Y,0,0,0.0,0.00|0.00|0.00|0.00|0.00|0.00|0.00|0.00,3,0,0,0,11,1
20260906_101058_CAM#000616_NG_NO_FEATURE.jpg,NG_NO_FEATURE,YES,B(hough_miss),3,True,Y,0,0,0.0,0.00|0.00|0.00|0.00|0.00|0.00|0.00|0.00,7,0,0,1,26,1
20260906_101059_CAM#000618_NG_NO_FEATURE.jpg,NG_NO_FEATURE,YES,B(hough_miss),4,True,Y,0,0,0.0,0.00|0.00|0.00|0.00|0.00|0.00|0.00|0.00,8,0,0,1,31,0
20260906_101100_CAM#000619_NG_NO_FEATURE.jpg,NG_NO_FEATURE,YES,B(hough_miss),3,True,Y,0,0,0.0,0.00|0.00|0.00|0.00|0.00|0.00|0.00|0.00,8,0,0,0,31,1
20260906_101112_CAM#000621_NG_NO_FEATURE.jpg,NG_NO_FEATURE,YES,B(hough_miss),3,True,Y,0,0,0.0,0.00|0.00|0.00|0.00|0.00|0.00|0.00|0.00,3,0,0,0,11,1
20260906_101115_CAM#000625_NG_NO_FEATURE.jpg,NG_NO_FEATURE,YES,B(hough_miss),2,True,Y,0,0,0.0,0.00|0.00|0.00|0.00|0.00|0.00|0.00|0.00,2,0,0,0,8,0
20260906_101115_CAM#000626_NG_NO_FEATURE.jpg,NG_NO_FEATURE,YES,B(hough_miss),3,True,Y,0,0,0.0,0.00|0.00|0.00|0.00|0.00|0.00|0.00|0.00,7,0,0,0,27,1
20260906_101116_CAM#000628_NG_NO_FEATURE.jpg,NG_NO_FEATURE,YES,B(hough_miss),2,True,Y,0,0,0.0,0.00|0.00|0.00|0.00|0.00|0.00|0.00|0.00,7,0,0,1,25,2
20260906_101117_CAM#000629_NG_NO_FEATURE.jpg,NG_NO_FEATURE,YES,B(hough_miss),2,True,Y,0,0,0.0,0.00|0.00|0.00|0.00|0.00|0.00|0.00|0.00,8,0,0,0,31,1
20260906_101117_CAM#000630_NG_NO_FEATURE.jpg,OK,YES,-,2,True,Y,5,2,0.891,0.89|0.89|0.87|0.87|0.80|0.00|0.00|0.00,5,5,0,2,13,0
20260906_101119_CAM#000633_NG_NO_FEATURE.jpg,NG_NO_FEATURE,YES,B(hough_miss),3,True,Y,0,0,0.0,0.00|0.00|0.00|0.00|0.00|0.00|0.00|0.00,7,0,0,1,27,0
20260906_101119_CAM#000634_NG_NO_FEATURE.jpg,NG_NO_FEATURE,YES,B(hough_miss),3,True,Y,2,1,0.867,0.87|0.87|0.74|0.70|0.00|0.00|0.00|0.00,8,2,2,2,25,1
20260906_101120_CAM#000636_NG_NO_FEATURE.jpg,NG_NO_FEATURE,YES,B(hough_miss),2,True,Y,2,1,0.826,0.83|0.83|0.00|0.00|0.00|0.00|0.00|0.00,7,2,0,0,25,1
20260906_101121_CAM#000637_NG_NO_FEATURE.jpg,NG_NO_FEATURE,YES,B(hough_miss),2,True,Y,1,1,0.796,0.80|0.00|0.00|0.00|0.00|0.00|0.00|0.00,7,1,0,2,24,1
20260906_101121_CAM#000638_NG_NO_FEATURE.jpg,NG_NO_FEATURE,YES,B(hough_miss),3,True,Y,3,1,0.858,0.86|0.84|0.78|0.00|0.00|0.00|0.00|0.00,8,3,0,0,29,0
20260906_101122_CAM#000639_NG_NO_FEATURE.jpg,NG_NO_FEATURE,YES,B(hough_miss),2,True,Y,0,0,0.0,0.00|0.00|0.00|0.00|0.00|0.00|0.00|0.00,6,0,0,2,22,0
20260906_101122_CAM#000640_NG_NO_FEATURE.jpg,NG_NO_FEATURE,YES,B(hough_miss),2,True,Y,0,0,0.0,0.00|0.00|0.00|0.00|0.00|0.00|0.00|0.00,2,0,0,0,8,0
20260906_101124_CAM#000642_NG_NO_FEATURE.jpg,NG_NO_FEATURE,YES,B(hough_miss),2,True,Y,0,0,0.0,0.00|0.00|0.00|0.00|0.00|0.00|0.00|0.00,7,0,0,0,27,1
20260906_101125_CAM#000643_NG_NO_FEATURE.jpg,OK,YES,-,3,True,Y,7,2,0.864,0.86|0.86|0.85|0.84|0.79|0.79|0.76|0.00,8,7,0,2,22,1
20260906_101127_CAM#000645_NG_NO_FEATURE.jpg,NG_NO_FEATURE,YES,B(hough_miss),2,True,Y,0,0,0.0,0.00|0.00|0.00|0.00|0.00|0.00|0.00|0.00,9,0,0,6,30,0
20260906_101129_CAM#000647_NG_NO_FEATURE.jpg,NG_NO_FEATURE,YES,B(hough_miss),2,True,Y,0,0,0.0,0.00|0.00|0.00|0.00|0.00|0.00|0.00|0.00,6,0,0,1,22,1
20260906_101129_CAM#000648_NG_NO_FEATURE.jpg,NG_NO_FEATURE,YES,B(hough_miss),2,True,Y,0,0,0.0,0.00|0.00|0.00|0.00|0.00|0.00|0.00|0.00,8,0,0,2,29,1
20260906_101130_CAM#000650_NG_NO_FEATURE.jpg,OK,YES,-,3,True,Y,8,2,0.877,0.88|0.88|0.87|0.86|0.85|0.84|0.83|0.83,8,8,0,5,19,0
20260906_101132_CAM#000652_NG_NO_FEATURE.jpg,NG_NO_FEATURE,YES,B(hough_miss),3,True,Y,0,0,0.0,0.00|0.00|0.00|0.00|0.00|0.00|0.00|0.00,11,0,0,0,43,1
20260906_101132_CAM#000653_NG_NO_FEATURE.jpg,OK,YES,-,3,True,Y,12,3,0.878,0.88|0.87|0.87|0.87|0.87|0.86|0.86|0.85,8,12,0,3,16,1
20260906_101133_CAM#000654_NG_NO_FEATURE.jpg,OK,YES,-,3,True,Y,4,2,0.873,0.87|0.87|0.84|0.82|0.71|0.00|0.00|0.00,8,4,1,1,26,0
20260906_101134_CAM#000655_NG_NO_FEATURE.jpg,NG_NO_FEATURE,YES,B(hough_miss),2,True,Y,0,0,0.0,0.00|0.00|0.00|0.00|0.00|0.00|0.00|0.00,6,0,0,1,23,0
20260906_101135_CAM#000658_NG_NO_FEATURE.jpg,NG_NO_FEATURE,YES,B(hough_miss),2,True,Y,1,1,0.883,0.88|0.00|0.00|0.00|0.00|0.00|0.00|0.00,2,1,0,0,7,0
20260906_101137_CAM#000660_NG_NO_FEATURE.jpg,NG_NO_FEATURE,YES,B(hough_miss),2,True,Y,1,1,0.775,0.78|0.00|0.00|0.00|0.00|0.00|0.00|0.00,5,1,0,0,19,0
20260906_101137_CAM#000661_NG_NO_FEATURE.jpg,NG_NO_FEATURE,YES,B(hough_miss),3,True,Y,0,0,0.0,0.00|0.00|0.00|0.00|0.00|0.00|0.00|0.00,8,0,0,1,30,1
20260906_101138_CAM#000663_NG_NO_FEATURE.jpg,NG_NO_FEATURE,YES,B(hough_miss),3,True,Y,0,0,0.0,0.00|0.00|0.00|0.00|0.00|0.00|0.00|0.00,9,0,0,3,32,1
20260906_101139_CAM#000664_NG_NO_FEATURE.jpg,NG_NO_FEATURE,YES,B(hough_miss),2,True,Y,0,0,0.0,0.00|0.00|0.00|0.00|0.00|0.00|0.00|0.00,4,0,0,0,16,0
20260906_101139_CAM#000665_NG_NO_FEATURE.jpg,NG_NO_FEATURE,YES,B(hough_miss),3,True,Y,0,0,0.0,0.00|0.00|0.00|0.00|0.00|0.00|0.00|0.00,8,0,0,3,29,0
20260906_101140_CAM#000666_NG_NO_FEATURE.jpg,OK,YES,-,3,True,Y,11,2,0.928,0.93|0.93|0.87|0.87|0.87|0.87|0.87|0.86,8,11,0,3,17,1
20260906_101140_CAM#000667_NG_NO_FEATURE.jpg,NG_NO_FEATURE,YES,B(hough_miss),2,True,Y,0,0,0.0,0.00|0.00|0.00|0.00|0.00|0.00|0.00|0.00,5,0,0,0,20,0
20260906_101141_CAM#000669_NG_NO_FEATURE.jpg,NG_NO_FEATURE,YES,B(hough_miss),3,True,Y,0,0,0.0,0.00|0.00|0.00|0.00|0.00|0.00|0.00|0.00,8,0,0,4,27,1
20260906_101142_CAM#000670_NG_NO_FEATURE.jpg,NG_NO_FEATURE,YES,B(hough_miss),2,True,Y,0,0,0.0,0.00|0.00|0.00|0.00|0.00|0.00|0.00|0.00,6,0,0,1,23,0
20260906_101143_CAM#000673_NG_NO_FEATURE.jpg,NG_NO_FEATURE,YES,B(hough_miss),3,True,Y,0,0,0.729,0.73|0.00|0.00|0.00|0.00|0.00|0.00|0.00,7,0,1,0,27,0
20260906_101144_CAM#000674_NG_NO_FEATURE.jpg,OK,YES,-,3,True,Y,3,3,0.89,0.89|0.86|0.86|0.00|0.00|0.00|0.00|0.00,9,3,0,7,24,2
20260906_101149_CAM#000675_NG_NO_FEATURE.jpg,NG_NO_FEATURE,YES,B(hough_miss),2,True,Y,1,1,0.874,0.87|0.00|0.00|0.00|0.00|0.00|0.00|0.00,7,1,0,2,24,1
20260906_101151_CAM#000677_NG_NO_FEATURE.jpg,OK,YES,-,3,True,Y,9,2,0.877,0.88|0.88|0.86|0.86|0.85|0.85|0.85|0.85,7,9,6,3,9,1
20260906_101152_CAM#000680_NG_NO_FEATURE.jpg,NG_NO_FEATURE,YES,B(hough_miss),2,True,Y,0,0,0.0,0.00|0.00|0.00|0.00|0.00|0.00|0.00|0.00,5,0,0,0,19,1
20260906_101153_CAM#000681_NG_NO_FEATURE.jpg,NG_NO_FEATURE,YES,B(hough_miss),2,True,Y,1,1,0.893,0.89|0.00|0.00|0.00|0.00|0.00|0.00|0.00,8,1,0,1,30,0
20260906_101153_CAM#000682_NG_NO_FEATURE.jpg,OK,YES,-,3,True,Y,8,3,0.879,0.88|0.88|0.87|0.86|0.86|0.86|0.86|0.86,6,8,0,0,16,0
20260906_101154_CAM#000683_NG_NO_FEATURE.jpg,NG_NO_FEATURE,YES,B(hough_miss),3,True,Y,0,0,0.0,0.00|0.00|0.00|0.00|0.00|0.00|0.00|0.00,3,0,0,1,11,0
20260906_101155_CAM#000685_NG_NO_FEATURE.jpg,NG_NO_FEATURE,YES,B(hough_miss),2,True,Y,0,0,0.0,0.00|0.00|0.00|0.00|0.00|0.00|0.00|0.00,8,0,0,1,30,1
20260906_101157_CAM#000689_NG_NO_FEATURE.jpg,NG_NO_FEATURE,YES,B(hough_miss),2,True,Y,1,1,0.867,0.87|0.00|0.00|0.00|0.00|0.00|0.00|0.00,7,1,0,0,27,0
20260906_101200_CAM#000693_NG_NO_FEATURE.jpg,OK,YES,-,2,True,Y,7,2,0.873,0.87|0.87|0.87|0.87|0.86|0.85|0.84|0.00,6,7,0,0,17,0
20260906_101201_CAM#000694_NG_NO_FEATURE.jpg,NG_NO_FEATURE,YES,B(hough_miss),3,True,Y,1,1,0.842,0.84|0.00|0.00|0.00|0.00|0.00|0.00|0.00,8,1,0,2,28,1
20260906_101201_CAM#000695_NG_NO_FEATURE.jpg,NG_NO_FEATURE,YES,B(hough_miss),2,True,Y,1,1,0.881,0.88|0.00|0.00|0.00|0.00|0.00|0.00|0.00,7,1,0,1,26,0
20260906_101204_CAM#000698_NG_NO_FEATURE.jpg,NG_NO_FEATURE,YES,B(hough_miss),3,True,Y,0,0,0.0,0.00|0.00|0.00|0.00|0.00|0.00|0.00|0.00,11,0,0,3,37,4
20260906_101204_CAM#000699_NG_NO_FEATURE.jpg,NG_NO_FEATURE,YES,B(hough_miss),2,True,Y,0,0,0.0,0.00|0.00|0.00|0.00|0.00|0.00|0.00|0.00,3,0,0,1,11,0
20260906_101205_CAM#000700_NG_NO_FEATURE.jpg,NG_NO_FEATURE,YES,B(hough_miss),3,True,Y,0,0,0.0,0.00|0.00|0.00|0.00|0.00|0.00|0.00|0.00,9,0,0,1,35,0
20260906_101205_CAM#000701_NG_NO_FEATURE.jpg,NG_NO_FEATURE,YES,B(hough_miss),2,True,Y,0,0,0.0,0.00|0.00|0.00|0.00|0.00|0.00|0.00|0.00,9,0,0,1,30,5
20260906_101206_CAM#000702_NG_NO_FEATURE.jpg,NG_NO_FEATURE,YES,B(hough_miss),3,True,Y,0,0,0.0,0.00|0.00|0.00|0.00|0.00|0.00|0.00|0.00,11,0,0,1,40,3
20260906_101206_CAM#000703_NG_NO_FEATURE.jpg,NG_NO_FEATURE,YES,B(hough_miss),2,True,Y,0,0,0.0,0.00|0.00|0.00|0.00|0.00|0.00|0.00|0.00,7,0,0,0,28,0
20260906_101207_CAM#000704_NG_NO_FEATURE.jpg,NG_NO_FEATURE,YES,B(hough_miss),2,True,Y,0,0,0.0,0.00|0.00|0.00|0.00|0.00|0.00|0.00|0.00,10,0,0,0,38,2
20260906_101207_CAM#000705_NG_NO_FEATURE.jpg,NG_NO_FEATURE,YES,B(hough_miss),2,True,Y,1,1,0.801,0.80|0.00|0.00|0.00|0.00|0.00|0.00|0.00,9,1,0,0,34,1
20260906_101208_CAM#000706_NG_NO_FEATURE.jpg,NG_NO_FEATURE,YES,B(hough_miss),3,True,Y,2,1,0.835,0.83|0.82|0.00|0.00|0.00|0.00|0.00|0.00,6,2,0,0,21,1
20260906_101208_CAM#000707_NG_NO_FEATURE.jpg,NG_NO_FEATURE,YES,B(hough_miss),3,True,Y,0,0,0.0,0.00|0.00|0.00|0.00|0.00|0.00|0.00|0.00,7,0,0,0,26,2
20260906_101209_CAM#000708_NG_NO_FEATURE.jpg,NG_NO_FEATURE,YES,B(hough_miss),3,True,Y,0,0,0.0,0.00|0.00|0.00|0.00|0.00|0.00|0.00|0.00,8,0,0,2,29,1
20260906_101209_CAM#000709_NG_NO_FEATURE.jpg,NG_NO_FEATURE,YES,B(hough_miss),3,True,Y,0,0,0.0,0.00|0.00|0.00|0.00|0.00|0.00|0.00|0.00,7,0,0,0,26,2
20260906_101209_CAM#000710_NG_NO_FEATURE.jpg,NG_NO_FEATURE,YES,B(hough_miss),2,True,Y,0,0,0.0,0.00|0.00|0.00|0.00|0.00|0.00|0.00|0.00,11,0,0,0,42,2
20260906_101211_CAM#000713_NG_NO_FEATURE.jpg,NG_NO_FEATURE,YES,B(hough_miss),3,True,Y,0,0,0.0,0.00|0.00|0.00|0.00|0.00|0.00|0.00|0.00,9,0,0,5,30,1
20260906_101212_CAM#000715_NG_NO_FEATURE.jpg,NG_NO_FEATURE,YES,B(hough_miss),3,True,Y,0,0,0.0,0.00|0.00|0.00|0.00|0.00|0.00|0.00|0.00,11,0,0,1,39,4
20260906_101212_CAM#000716_NG_NO_FEATURE.jpg,NG_NO_FEATURE,YES,B(hough_miss),3,True,Y,0,0,0.0,0.00|0.00|0.00|0.00|0.00|0.00|0.00|0.00,9,0,0,0,34,2
20260906_101213_CAM#000717_NG_NO_FEATURE.jpg,NG_NO_FEATURE,YES,B(hough_miss),2,True,Y,0,0,0.0,0.00|0.00|0.00|0.00|0.00|0.00|0.00|0.00,9,0,0,0,34,2
20260906_101213_CAM#000718_NG_NO_FEATURE.jpg,NG_NO_FEATURE,YES,B(hough_miss),2,True,Y,0,0,0.0,0.00|0.00|0.00|0.00|0.00|0.00|0.00|0.00,8,0,0,4,27,1
20260906_101217_CAM#000722_NG_NO_FEATURE.jpg,NG_NO_FEATURE,YES,B(hough_miss),2,True,Y,0,0,0.0,0.00|0.00|0.00|0.00|0.00|0.00|0.00|0.00,8,0,0,0,31,1
20260906_101219_CAM#000727_NG_NO_FEATURE.jpg,NG_NO_FEATURE,YES,B(hough_miss),3,True,Y,1,1,0.766,0.77|0.00|0.00|0.00|0.00|0.00|0.00|0.00,7,1,0,1,26,0
20260906_101220_CAM#000729_NG_NO_FEATURE.jpg,OK,YES,-,2,True,Y,14,4,0.889,0.89|0.88|0.87|0.87|0.87|0.86|0.86|0.86,8,14,2,1,14,1
20260906_101221_CAM#000731_NG_NO_FEATURE.jpg,NG_NO_FEATURE,YES,B(hough_miss),2,True,Y,0,0,0.0,0.00|0.00|0.00|0.00|0.00|0.00|0.00|0.00,3,0,0,0,12,0
20260906_101221_CAM#000732_NG_NO_FEATURE.jpg,NG_NO_FEATURE,YES,B(hough_miss),2,True,Y,0,0,0.0,0.00|0.00|0.00|0.00|0.00|0.00|0.00|0.00,3,0,0,0,12,0
20260906_101222_CAM#000733_NG_NO_FEATURE.jpg,NG_HOLE_NOT_FOUND,NO,-,0,False,,0,0,0.0,,0,0,0,0,0,0
20260906_101222_CAM#000734_NG_NO_FEATURE.jpg,NG_NO_FEATURE,YES,B(hough_miss),2,True,Y,0,0,0.0,0.00|0.00|0.00|0.00|0.00|0.00|0.00|0.00,7,0,0,0,27,1
20260906_101223_CAM#000736_NG_NO_FEATURE.jpg,NG_NO_FEATURE,NO,-,1,True,Y,0,0,0.0,0.00|0.00|0.00|0.00|0.00|0.00|0.00,2,0,0,1,6,1
20260906_101225_CAM#000737_NG_NO_FEATURE.jpg,NG_NO_FEATURE,YES,B(hough_miss),2,True,Y,0,0,0.0,0.00|0.00|0.00|0.00|0.00|0.00|0.00|0.00,7,0,0,1,27,0
20260906_101225_CAM#000738_NG_NO_FEATURE.jpg,NG_NO_FEATURE,YES,B(hough_miss),2,True,Y,1,1,0.883,0.88|0.00|0.00|0.00|0.00|0.00|0.00|0.00,9,1,0,3,30,2
20260906_101226_CAM#000740_NG_NO_FEATURE.jpg,NG_NO_FEATURE,YES,B(hough_miss),3,True,Y,0,0,0.0,0.00|0.00|0.00|0.00|0.00|0.00|0.00|0.00,2,0,0,0,8,0
20260906_101227_CAM#000742_NG_NO_FEATURE.jpg,NG_NO_FEATURE,YES,B(hough_miss),3,True,Y,0,0,0.0,0.00|0.00|0.00|0.00|0.00|0.00|0.00|0.00,8,0,0,4,27,1
20260906_101228_CAM#000743_NG_NO_FEATURE.jpg,NG_NO_FEATURE,YES,B(hough_miss),3,True,Y,0,0,0.0,0.00|0.00|0.00|0.00|0.00|0.00|0.00|0.00,9,0,0,2,32,2
20260906_101229_CAM#000745_NG_NO_FEATURE.jpg,NG_NO_FEATURE,YES,B(hough_miss),2,True,Y,1,1,0.873,0.87|0.00|0.00|0.00|0.00|0.00|0.00|0.00,10,1,0,0,38,1
20260906_101229_CAM#000746_NG_NO_FEATURE.jpg,NG_NO_FEATURE,YES,B(hough_miss),2,True,Y,0,0,0.0,0.00|0.00|0.00|0.00|0.00|0.00|0.00|0.00,6,0,0,0,24,0
20260906_101230_CAM#000747_NG_NO_FEATURE.jpg,NG_NO_FEATURE,YES,B(hough_miss),2,True,Y,2,1,0.813,0.81|0.79|0.00|0.00|0.00|0.00|0.00|0.00,7,2,0,0,26,0
20260906_101231_CAM#000749_NG_NO_FEATURE.jpg,NG_NO_FEATURE,YES,B(hough_miss),2,True,Y,0,0,0.0,0.00|0.00|0.00|0.00|0.00|0.00|0.00|0.00,6,0,0,0,23,1
20260906_101232_CAM#000750_NG_NO_FEATURE.jpg,NG_NO_FEATURE,YES,B(hough_miss),2,True,Y,0,0,0.0,0.00|0.00|0.00|0.00|0.00|0.00|0.00|0.00,8,0,0,4,28,0
20260906_101232_CAM#000751_NG_NO_FEATURE.jpg,NG_NO_FEATURE,YES,B(hough_miss),2,True,Y,0,0,0.0,0.00|0.00|0.00|0.00|0.00|0.00|0.00|0.00,6,0,0,1,22,1
20260906_101233_CAM#000752_NG_NO_FEATURE.jpg,OK,YES,-,2,True,Y,16,3,0.887,0.89|0.88|0.88|0.88|0.88|0.87|0.87|0.85,8,16,0,1,14,1
20260906_101233_CAM#000753_NG_NO_FEATURE.jpg,NG_NO_FEATURE,YES,B(hough_miss),2,True,Y,1,1,0.877,0.88|0.00|0.00|0.00|0.00|0.00|0.00|0.00,10,1,0,2,36,1
20260906_101234_CAM#000754_NG_NO_FEATURE.jpg,NG_NO_FEATURE,YES,B(hough_miss),3,True,Y,1,1,0.879,0.88|0.00|0.00|0.00|0.00|0.00|0.00|0.00,9,1,0,1,32,2
20260906_101236_CAM#000757_NG_NO_FEATURE.jpg,NG_NO_FEATURE,YES,B(hough_miss),2,True,Y,0,0,0.0,0.00|0.00|0.00|0.00|0.00|0.00|0.00|0.00,8,0,0,0,31,1
20260906_101236_CAM#000758_NG_NO_FEATURE.jpg,NG_NO_FEATURE,YES,B(hough_miss),3,True,Y,0,0,0.0,0.00|0.00|0.00|0.00|0.00|0.00|0.00|0.00,9,0,0,2,32,2
20260906_101236_CAM#000759_NG_NO_FEATURE.jpg,NG_NO_FEATURE,YES,B(hough_miss),3,True,Y,0,0,0.0,0.00|0.00|0.00|0.00|0.00|0.00|0.00|0.00,10,0,0,2,36,2
20260906_101237_CAM#000760_NG_NO_FEATURE.jpg,NG_NO_FEATURE,YES,B(hough_miss),3,True,Y,0,0,0.0,0.00|0.00|0.00|0.00|0.00|0.00|0.00|0.00,7,0,0,1,26,1
20260906_101237_CAM#000761_NG_NO_FEATURE.jpg,NG_NO_FEATURE,YES,B(hough_miss),2,True,Y,1,1,0.879,0.88|0.00|0.00|0.00|0.00|0.00|0.00|0.00,8,1,0,3,27,1
20260906_101238_CAM#000763_NG_NO_FEATURE.jpg,NG_NO_FEATURE,YES,B(hough_miss),2,True,Y,0,0,0.0,0.00|0.00|0.00|0.00|0.00|0.00|0.00|0.00,7,0,0,0,28,0
20260906_101239_CAM#000764_NG_NO_FEATURE.jpg,NG_NO_FEATURE,YES,B(hough_miss),2,True,Y,0,0,0.0,0.00|0.00|0.00|0.00|0.00|0.00|0.00|0.00,6,0,0,0,23,1
20260906_101239_CAM#000765_NG_NO_FEATURE.jpg,NG_NO_FEATURE,YES,B(hough_miss),3,True,Y,0,0,0.0,0.00|0.00|0.00|0.00|0.00|0.00|0.00|0.00,10,0,0,1,39,0
20260906_101241_CAM#000768_NG_NO_FEATURE.jpg,NG_NO_FEATURE,YES,B(hough_miss),4,True,Y,0,0,0.0,0.00|0.00|0.00|0.00|0.00|0.00|0.00|0.00,8,0,0,1,30,1
20260906_101241_CAM#000769_NG_NO_FEATURE.jpg,OK,YES,-,2,True,Y,5,2,0.889,0.89|0.89|0.86|0.85|0.85|0.00|0.00|0.00,5,5,0,0,15,0
20260906_101243_CAM#000772_NG_NO_FEATURE.jpg,NG_NO_FEATURE,YES,B(hough_miss),2,True,Y,0,0,0.0,0.00|0.00|0.00|0.00|0.00|0.00|0.00|0.00,10,0,0,6,31,3
20260906_101243_CAM#000773_NG_NO_FEATURE.jpg,NG_NO_FEATURE,YES,B(hough_miss),3,True,Y,0,0,0.0,0.00|0.00|0.00|0.00|0.00|0.00,2,0,0,0,6,2
20260906_101245_CAM#000777_NG_NO_FEATURE.jpg,NG_NO_FEATURE,YES,B(hough_miss),3,True,Y,0,0,0.0,0.00|0.00|0.00|0.00|0.00|0.00|0.00|0.00,3,0,0,0,10,2
20260906_101246_CAM#000779_NG_NO_FEATURE.jpg,OK,YES,-,2,True,Y,4,2,0.881,0.88|0.88|0.87|0.87|0.00|0.00|0.00|0.00,4,4,0,0,12,0
20260906_101247_CAM#000781_NG_NO_FEATURE.jpg,NG_NO_FEATURE,YES,B(hough_miss),3,True,Y,0,0,0.0,0.00|0.00|0.00|0.00|0.00|0.00|0.00|0.00,7,0,0,1,26,1
20260906_101249_CAM#000783_NG_NO_FEATURE.jpg,NG_NO_FEATURE,YES,B(hough_miss),3,True,Y,0,0,0.0,0.00|0.00|0.00|0.00|0.00|0.00|0.00|0.00,10,0,0,0,40,0
20260906_101249_CAM#000784_NG_NO_FEATURE.jpg,OK,YES,-,3,True,Y,12,4,0.868,0.87|0.87|0.87|0.87|0.86|0.86|0.86|0.86,8,12,0,4,15,1
20260906_101250_CAM#000785_NG_NO_FEATURE.jpg,OK,YES,-,2,True,Y,7,2,0.873,0.87|0.87|0.87|0.86|0.85|0.84|0.83|0.00,7,7,0,1,20,0
20260906_101251_CAM#000787_NG_NO_FEATURE.jpg,NG_NO_FEATURE,YES,B(hough_miss),3,True,Y,0,0,0.0,0.00|0.00|0.00|0.00|0.00|0.00|0.00|0.00,9,0,0,3,31,2
20260906_101251_CAM#000788_NG_NO_FEATURE.jpg,NG_NO_FEATURE,YES,B(hough_miss),2,True,Y,0,0,0.0,0.00|0.00|0.00|0.00|0.00|0.00|0.00|0.00,7,0,0,0,25,3
20260906_101252_CAM#000789_NG_NO_FEATURE.jpg,NG_NO_FEATURE,YES,B(hough_miss),3,True,Y,0,0,0.708,0.71|0.00|0.00|0.00|0.00|0.00|0.00|0.00,11,0,1,2,39,2
20260906_101252_CAM#000790_NG_NO_FEATURE.jpg,NG_NO_FEATURE,YES,B(hough_miss),2,True,Y,0,0,0.0,0.00|0.00|0.00|0.00|0.00|0.00|0.00|0.00,8,0,0,0,31,1
20260906_101255_CAM#000793_NG_NO_FEATURE.jpg,NG_NO_FEATURE,YES,B(hough_miss),2,True,Y,0,0,0.0,0.00|0.00|0.00|0.00|0.00|0.00|0.00|0.00,11,0,0,1,41,2
20260906_101255_CAM#000794_NG_NO_FEATURE.jpg,NG_NO_FEATURE,YES,B(hough_miss),2,True,Y,0,0,0.0,0.00|0.00|0.00|0.00|0.00|0.00|0.00|0.00,6,0,0,0,23,1
20260906_101256_CAM#000795_NG_NO_FEATURE.jpg,OK,YES,-,2,True,Y,8,2,0.871,0.87|0.87|0.87|0.86|0.86|0.84|0.83|0.76,8,8,0,1,22,1
20260906_101256_CAM#000796_NG_NO_FEATURE.jpg,NG_NO_FEATURE,YES,B(hough_miss),2,True,Y,0,0,0.0,0.00|0.00|0.00|0.00|0.00|0.00|0.00|0.00,4,0,0,0,15,1
20260906_101258_CAM#000799_NG_NO_FEATURE.jpg,NG_NO_FEATURE,YES,B(hough_miss),2,True,Y,0,0,0.0,0.00|0.00|0.00|0.00|0.00|0.00|0.00|0.00,9,0,0,4,29,3
20260906_101258_CAM#000800_NG_NO_FEATURE.jpg,OK,YES,-,2,True,Y,10,2,0.879,0.88|0.88|0.87|0.87|0.87|0.86|0.86|0.86,8,10,0,3,18,1
20260906_101258_CAM#000801_NG_NO_FEATURE.jpg,OK,YES,-,3,True,Y,7,2,0.869,0.87|0.87|0.86|0.86|0.85|0.85|0.78|0.72,6,7,2,2,12,1
20260906_101259_CAM#000802_NG_NO_FEATURE.jpg,NG_NO_FEATURE,YES,B(hough_miss),3,True,Y,0,0,0.0,0.00|0.00|0.00|0.00|0.00|0.00|0.00|0.00,7,0,0,1,23,4
20260906_101259_CAM#000803_NG_NO_FEATURE.jpg,NG_NO_FEATURE,YES,B(hough_miss),3,True,Y,0,0,0.0,0.00|0.00|0.00|0.00|0.00|0.00|0.00|0.00,10,0,0,0,39,1
20260906_101301_CAM#000805_NG_NO_FEATURE.jpg,NG_NO_FEATURE,YES,B(hough_miss),3,True,Y,1,1,0.837,0.84|0.00|0.00|0.00|0.00|0.00|0.00|0.00,9,1,0,3,30,2
20260906_101301_CAM#000806_NG_NO_FEATURE.jpg,NG_NO_FEATURE,YES,B(hough_miss),2,True,Y,1,1,0.855,0.85|0.00|0.00|0.00|0.00|0.00|0.00|0.00,5,1,0,0,19,0
20260906_101303_CAM#000809_NG_NO_FEATURE.jpg,NG_NO_FEATURE,YES,B(hough_miss),3,True,Y,0,0,0.0,0.00|0.00|0.00|0.00|0.00|0.00|0.00|0.00,10,0,0,0,36,4
20260906_101304_CAM#000810_NG_NO_FEATURE.jpg,NG_NO_FEATURE,YES,B(hough_miss),2,True,Y,1,1,0.778,0.78|0.00|0.00|0.00|0.00|0.00|0.00|0.00,11,1,0,0,41,2
20260906_101305_CAM#000812_NG_NO_FEATURE.jpg,NG_NO_FEATURE,YES,B(hough_miss),3,True,Y,1,1,0.907,0.91|0.00|0.00|0.00|0.00|0.00|0.00|0.00,3,1,0,2,8,1
20260906_101306_CAM#000813_NG_NO_FEATURE.jpg,NG_NO_FEATURE,YES,B(hough_miss),2,True,Y,0,0,0.0,0.00|0.00|0.00|0.00|0.00|0.00|0.00|0.00,8,0,0,1,29,2
20260906_101307_CAM#000815_NG_NO_FEATURE.jpg,NG_NO_FEATURE,YES,B(hough_miss),3,True,Y,1,1,0.882,0.88|0.00|0.00|0.00|0.00|0.00|0.00|0.00,6,1,0,3,20,0
20260906_101308_CAM#000817_NG_NO_FEATURE.jpg,NG_NO_FEATURE,YES,B(hough_miss),2,True,Y,0,0,0.0,0.00|0.00|0.00|0.00|0.00|0.00|0.00|0.00,8,0,0,1,30,1
20260906_101310_CAM#000821_NG_NO_FEATURE.jpg,NG_NO_FEATURE,YES,B(hough_miss),3,True,Y,2,1,0.867,0.87|0.87|0.00|0.00|0.00|0.00|0.00|0.00,11,2,0,7,34,1
20260906_101311_CAM#000823_NG_NO_FEATURE.jpg,NG_NO_FEATURE,YES,B(hough_miss),2,True,Y,0,0,0.0,0.00|0.00|0.00|0.00|0.00|0.00|0.00|0.00,8,0,0,4,28,0
20260906_101312_CAM#000825_NG_NO_FEATURE.jpg,OK,YES,-,2,True,Y,8,2,0.87,0.87|0.87|0.86|0.86|0.86|0.86|0.85|0.85,7,8,0,4,15,1
20260906_101313_CAM#000826_NG_NO_FEATURE.jpg,NG_NO_FEATURE,YES,B(hough_miss),3,True,Y,0,0,0.0,0.00|0.00|0.00|0.00|0.00|0.00|0.00|0.00,8,0,0,0,32,0
20260906_101314_CAM#000827_NG_NO_FEATURE.jpg,NG_NO_FEATURE,YES,B(hough_miss),3,True,Y,0,0,0.0,0.00|0.00|0.00|0.00|0.00|0.00|0.00|0.00,8,0,0,0,31,1
20260906_101315_CAM#000828_NG_NO_FEATURE.jpg,NG_NO_FEATURE,YES,B(hough_miss),3,True,Y,0,0,0.0,0.00|0.00|0.00|0.00|0.00|0.00|0.00|0.00,7,0,0,0,27,1
20260906_101316_CAM#000830_NG_NO_FEATURE.jpg,NG_NO_FEATURE,YES,B(hough_miss),3,True,Y,0,0,0.0,0.00|0.00|0.00|0.00|0.00|0.00|0.00|0.00,7,0,0,0,28,0
20260906_101317_CAM#000831_NG_NO_FEATURE.jpg,NG_NO_FEATURE,YES,B(hough_miss),2,True,Y,0,0,0.0,0.00|0.00|0.00|0.00|0.00|0.00|0.00|0.00,7,0,0,3,24,1
20260906_101317_CAM#000832_NG_NO_FEATURE.jpg,OK,YES,-,2,True,Y,8,3,0.882,0.88|0.87|0.87|0.87|0.86|0.86|0.86|0.86,7,8,2,0,17,1
20260906_101318_CAM#000833_NG_NO_FEATURE.jpg,NG_NO_FEATURE,YES,B(hough_miss),3,True,Y,0,0,0.0,0.00|0.00|0.00|0.00|0.00|0.00|0.00|0.00,2,0,0,0,8,0
20260906_101320_CAM#000836_NG_NO_FEATURE.jpg,NG_NO_FEATURE,YES,B(hough_miss),3,True,Y,0,0,0.0,0.00|0.00|0.00|0.00|0.00|0.00|0.00|0.00,4,0,0,3,11,2
20260906_101320_CAM#000837_NG_NO_FEATURE.jpg,OK,YES,-,3,True,Y,4,2,0.891,0.89|0.86|0.85|0.77|0.00|0.00|0.00|0.00,6,4,0,2,17,1
20260906_101321_CAM#000838_NG_HOLE_NOT_FOUND.jpg,NG_NO_FEATURE,NO,-,1,True,Y,0,0,0.0,0.00|0.00|0.00|0.00|0.00|0.00|0.00|0.00,3,0,0,0,10,2
20260906_101321_CAM#000839_NG_NO_FEATURE.jpg,NG_NO_FEATURE,YES,B(hough_miss),2,True,Y,0,0,0.0,0.00|0.00|0.00|0.00|0.00|0.00|0.00|0.00,9,0,0,0,35,1
20260906_101322_CAM#000840_NG_NO_FEATURE.jpg,NG_NO_FEATURE,YES,B(hough_miss),3,True,Y,0,0,0.0,0.00|0.00|0.00|0.00|0.00|0.00|0.00|0.00,12,0,0,4,40,4
20260906_101322_CAM#000841_NG_NO_FEATURE.jpg,NG_NO_FEATURE,YES,B(hough_miss),2,True,Y,0,0,0.0,0.00|0.00|0.00|0.00|0.00|0.00|0.00|0.00,7,0,0,0,27,1
20260906_101323_CAM#000842_NG_NO_FEATURE.jpg,NG_NO_FEATURE,YES,B(hough_miss),2,True,Y,0,0,0.0,0.00|0.00|0.00|0.00|0.00|0.00|0.00|0.00,9,0,0,1,34,1
20260906_101324_CAM#000844_NG_NO_FEATURE.jpg,NG_NO_FEATURE,YES,B(hough_miss),2,True,Y,0,0,0.0,0.00|0.00|0.00|0.00|0.00|0.00|0.00|0.00,4,0,0,1,15,0
20260906_101325_CAM#000845_NG_NO_FEATURE.jpg,NG_NO_FEATURE,YES,B(hough_miss),2,True,Y,0,0,0.0,0.00|0.00|0.00|0.00|0.00|0.00|0.00|0.00,8,0,0,2,28,2
20260906_101522_CAM#000846_NG_NO_FEATURE.jpg,NG_NO_FEATURE,YES,B(hough_miss),3,True,Y,0,0,0.0,0.00|0.00|0.00|0.00|0.00|0.00|0.00|0.00,8,0,0,2,30,0
20260906_101524_CAM#000847_NG_NO_FEATURE.jpg,NG_NO_FEATURE,YES,B(hough_miss),3,True,Y,0,0,0.0,0.00|0.00|0.00|0.00|0.00|0.00|0.00|0.00,6,0,0,2,19,3
20260906_101537_CAM#000848_NG_NO_FEATURE.jpg,NG_NO_FEATURE,YES,B(hough_miss),1,True,Y,1,1,0.845,0.84|0.00|0.00|0.00|0.00|0.00|0.00|0.00,3,1,0,1,10,0
20260906_101538_CAM#000849_NG_NO_FEATURE.jpg,NG_NO_FEATURE,YES,B(hough_miss),2,True,Y,0,0,0.0,0.00|0.00|0.00|0.00|0.00|0.00|0.00|0.00,6,0,0,2,22,0
20260906_101540_CAM#000853_NG_NO_FEATURE.jpg,NG_NO_FEATURE,YES,B(hough_miss),3,True,Y,0,0,0.0,0.00|0.00|0.00|0.00|0.00|0.00|0.00|0.00,8,0,0,2,29,1
20260906_101540_CAM#000855_NG_NO_FEATURE.jpg,NG_NO_FEATURE,YES,B(hough_miss),2,True,Y,0,0,0.0,0.00|0.00|0.00|0.00|0.00|0.00|0.00|0.00,6,0,0,3,20,1
20260906_101540_CAM#000856_NG_NO_FEATURE.jpg,NG_NO_FEATURE,YES,B(hough_miss),2,True,Y,0,0,0.0,0.00|0.00|0.00|0.00|0.00|0.00|0.00|0.00,8,0,0,0,31,1
20260906_101541_CAM#000857_NG_NO_FEATURE.jpg,NG_NO_FEATURE,YES,B(hough_miss),2,True,Y,0,0,0.0,0.00|0.00|0.00|0.00|0.00|0.00|0.00|0.00,6,0,0,0,23,1
20260906_101541_CAM#000858_NG_NO_FEATURE.jpg,NG_NO_FEATURE,YES,B(hough_miss),2,True,Y,0,0,0.0,0.00|0.00|0.00|0.00|0.00|0.00|0.00|0.00,2,0,0,2,6,0
20260906_101542_CAM#000859_NG_NO_FEATURE.jpg,NG_NO_FEATURE,YES,B(hough_miss),2,True,Y,0,0,0.0,0.00|0.00|0.00|0.00|0.00|0.00|0.00|0.00,2,0,0,0,8,0
20260906_101542_CAM#000860_NG_NO_FEATURE.jpg,NG_NO_FEATURE,YES,B(hough_miss),3,True,Y,0,0,0.0,0.00|0.00|0.00|0.00|0.00|0.00|0.00|0.00,7,0,0,2,25,1
20260906_101543_CAM#000862_NG_NO_FEATURE.jpg,NG_NO_FEATURE,YES,B(hough_miss),3,True,Y,0,0,0.0,0.00|0.00|0.00|0.00|0.00|0.00|0.00|0.00,12,0,0,0,46,2
20260906_101544_CAM#000863_NG_NO_FEATURE.jpg,NG_NO_FEATURE,YES,B(hough_miss),2,True,Y,2,1,0.885,0.89|0.86|0.69|0.68|0.00|0.00|0.00|0.00,7,2,2,0,23,1
20260906_101546_CAM#000867_NG_NO_FEATURE.jpg,NG_NO_FEATURE,YES,B(hough_miss),3,True,Y,0,0,0.0,0.00|0.00|0.00|0.00|0.00|0.00|0.00|0.00,8,0,0,1,31,0
20260906_101547_CAM#000868_NG_NO_FEATURE.jpg,OK,YES,-,2,True,Y,6,2,0.881,0.88|0.87|0.86|0.86|0.86|0.76|0.69|0.00,7,6,1,0,21,0
20260906_101548_CAM#000869_NG_NO_FEATURE.jpg,NG_NO_FEATURE,YES,B(hough_miss),2,True,Y,0,0,0.0,0.00|0.00|0.00|0.00|0.00|0.00|0.00|0.00,7,0,0,3,24,1
20260906_101550_CAM#000872_NG_NO_FEATURE.jpg,NG_NO_FEATURE,YES,B(hough_miss),2,True,Y,0,0,0.0,0.00|0.00|0.00|0.00|0.00|0.00|0.00|0.00,7,0,0,2,25,1
20260906_101552_CAM#000874_NG_NO_FEATURE.jpg,NG_NO_FEATURE,YES,B(hough_miss),2,True,Y,0,0,0.0,0.00|0.00|0.00|0.00|0.00|0.00|0.00|0.00,4,0,0,0,16,0
20260906_101552_CAM#000875_NG_NO_FEATURE.jpg,NG_NO_FEATURE,YES,B(hough_miss),2,True,Y,0,0,0.0,0.00|0.00|0.00|0.00|0.00|0.00|0.00|0.00,8,0,0,0,32,0
20260906_101554_CAM#000877_NG_NO_FEATURE.jpg,OK,YES,-,2,True,Y,10,3,0.877,0.88|0.88|0.87|0.87|0.86|0.86|0.86|0.86,8,10,0,2,19,1
20260906_101555_CAM#000879_NG_NO_FEATURE.jpg,NG_NO_FEATURE,YES,B(hough_miss),3,True,Y,0,0,0.698,0.70|0.00|0.00|0.00|0.00|0.00|0.00|0.00,7,0,1,0,26,1
20260906_101555_CAM#000880_NG_NO_FEATURE.jpg,NG_NO_FEATURE,YES,B(hough_miss),3,True,Y,0,0,0.0,0.00|0.00|0.00|0.00|0.00|0.00|0.00|0.00,10,0,0,3,34,3
20260906_101559_CAM#000884_NG_NO_FEATURE.jpg,NG_NO_FEATURE,YES,B(hough_miss),2,True,Y,0,0,0.0,0.00|0.00|0.00|0.00|0.00|0.00|0.00|0.00,6,0,0,2,22,0
20260906_101602_CAM#000889_NG_NO_FEATURE.jpg,NG_NO_FEATURE,YES,B(hough_miss),3,True,Y,0,0,0.0,0.00|0.00|0.00|0.00|0.00|0.00|0.00|0.00,3,0,0,1,10,1
20260906_101603_CAM#000890_NG_NO_FEATURE.jpg,NG_NO_FEATURE,YES,B(hough_miss),3,True,Y,2,1,0.879,0.88|0.87|0.00|0.00|0.00|0.00|0.00|0.00,9,2,0,3,31,0
20260906_101604_CAM#000892_NG_NO_FEATURE.jpg,NG_NO_FEATURE,YES,B(hough_miss),2,True,Y,0,0,0.0,0.00|0.00|0.00|0.00|0.00|0.00|0.00|0.00,7,0,0,1,26,1
20260906_101605_CAM#000893_NG_NO_FEATURE.jpg,OK,YES,-,2,True,Y,7,3,0.891,0.89|0.88|0.88|0.85|0.84|0.83|0.79|0.00,7,7,0,0,21,0
20260906_101605_CAM#000894_NG_NO_FEATURE.jpg,NG_NO_FEATURE,YES,B(hough_miss),2,True,Y,1,1,0.812,0.81|0.00|0.00|0.00|0.00|0.00|0.00|0.00,9,1,0,3,29,3
20260906_101606_CAM#000895_NG_NO_FEATURE.jpg,NG_NO_FEATURE,YES,B(hough_miss),3,True,Y,0,0,0.0,0.00|0.00|0.00|0.00|0.00|0.00|0.00|0.00,7,0,0,5,23,0
20260906_101606_CAM#000896_NG_NO_FEATURE.jpg,NG_NO_FEATURE,YES,B(hough_miss),2,True,Y,0,0,0.0,0.00|0.00|0.00|0.00|0.00|0.00|0.00|0.00,3,0,0,0,12,0
20260906_101607_CAM#000897_NG_NO_FEATURE.jpg,NG_NO_FEATURE,YES,B(hough_miss),2,True,Y,0,0,0.0,0.00|0.00|0.00|0.00|0.00|0.00|0.00|0.00,4,0,0,3,12,1
20260906_101608_CAM#000899_NG_NO_FEATURE.jpg,NG_NO_FEATURE,YES,B(hough_miss),3,True,Y,0,0,0.0,0.00|0.00|0.00|0.00|0.00|0.00|0.00|0.00,8,0,0,3,27,2
20260906_101608_CAM#000900_NG_NO_FEATURE.jpg,OK,YES,-,3,True,Y,9,3,0.881,0.88|0.88|0.88|0.88|0.87|0.82|0.78|0.78,8,9,2,1,19,1
20260906_101610_CAM#000902_NG_NO_FEATURE.jpg,NG_NO_FEATURE,YES,B(hough_miss),2,True,Y,0,0,0.0,0.00|0.00|0.00|0.00|0.00|0.00|0.00|0.00,8,0,0,0,31,1
20260906_101611_CAM#000904_NG_NO_FEATURE.jpg,NG_NO_FEATURE,YES,B(hough_miss),2,True,Y,1,1,0.864,0.86|0.00|0.00|0.00|0.00|0.00|0.00|0.00,8,1,0,3,26,2
20260906_101612_CAM#000905_NG_NO_FEATURE.jpg,OK,YES,-,3,True,Y,7,2,0.873,0.87|0.87|0.87|0.87|0.86|0.85|0.85|0.74,8,7,1,2,21,1
20260906_101614_CAM#000908_NG_NO_FEATURE.jpg,OK,YES,-,2,True,Y,11,3,0.872,0.87|0.87|0.86|0.86|0.86|0.85|0.84|0.84,7,11,0,1,15,1
20260906_101615_CAM#000911_NG_NO_FEATURE.jpg,NG_NO_FEATURE,YES,B(hough_miss),3,True,Y,0,0,0.0,0.00|0.00|0.00|0.00|0.00|0.00|0.00|0.00,5,0,0,0,20,0
20260906_101616_CAM#000912_NG_NO_FEATURE.jpg,OK,YES,-,2,True,Y,7,3,0.898,0.90|0.88|0.87|0.86|0.85|0.81|0.75|0.00,8,7,0,0,24,1
20260906_101617_CAM#000914_NG_NO_FEATURE.jpg,NG_NO_FEATURE,YES,B(hough_miss),2,True,Y,2,1,0.861,0.86|0.84|0.71|0.00|0.00|0.00|0.00|0.00,6,2,1,1,19,1
20260906_101618_CAM#000916_NG_NO_FEATURE.jpg,NG_NO_FEATURE,YES,B(hough_miss),3,True,Y,0,0,0.0,0.00|0.00|0.00|0.00|0.00|0.00|0.00|0.00,7,0,0,0,27,1
20260906_101619_CAM#000918_NG_NO_FEATURE.jpg,NG_NO_FEATURE,YES,B(hough_miss),2,True,Y,0,0,0.0,0.00|0.00|0.00|0.00|0.00|0.00|0.00|0.00,8,0,0,0,30,2
20260906_101620_CAM#000919_NG_NO_FEATURE.jpg,NG_NO_FEATURE,YES,B(hough_miss),3,True,Y,0,0,0.0,0.00|0.00|0.00|0.00|0.00|0.00|0.00|0.00,8,0,0,0,31,1
20260906_101622_CAM#000920_NG_NO_FEATURE.jpg,OK,YES,-,2,True,Y,3,2,0.878,0.88|0.86|0.85|0.00|0.00|0.00|0.00|0.00,9,3,0,0,32,1
20260906_101626_CAM#000923_NG_NO_FEATURE.jpg,NG_NO_FEATURE,YES,B(hough_miss),3,True,Y,0,0,0.0,0.00|0.00|0.00|0.00|0.00|0.00|0.00|0.00,8,0,0,0,31,1
20260906_101627_CAM#000926_NG_NO_FEATURE.jpg,NG_NO_FEATURE,YES,B(hough_miss),2,True,Y,0,0,0.0,0.00|0.00|0.00|0.00|0.00|0.00|0.00|0.00,2,0,0,0,8,0
20260906_101628_CAM#000927_NG_NO_FEATURE.jpg,NG_NO_FEATURE,YES,B(hough_miss),2,True,Y,0,0,0.0,0.00|0.00|0.00|0.00|0.00|0.00|0.00|0.00,2,0,0,2,6,0
20260906_101628_CAM#000928_NG_NO_FEATURE.jpg,NG_NO_FEATURE,YES,B(hough_miss),3,True,Y,0,0,0.0,0.00|0.00|0.00|0.00|0.00|0.00|0.00|0.00,7,0,0,0,28,0
20260906_101629_CAM#000929_NG_NO_FEATURE.jpg,NG_NO_FEATURE,YES,B(hough_miss),2,True,Y,0,0,0.0,0.00|0.00|0.00|0.00|0.00|0.00|0.00|0.00,6,0,0,1,22,1
20260906_101629_CAM#000930_NG_NO_FEATURE.jpg,OK,YES,-,2,True,Y,7,2,0.878,0.88|0.87|0.87|0.86|0.86|0.85|0.85|0.00,5,7,0,0,13,0
20260906_101630_CAM#000931_NG_NO_FEATURE.jpg,NG_NO_FEATURE,YES,B(hough_miss),2,True,Y,0,0,0.0,0.00|0.00|0.00|0.00|0.00|0.00|0.00|0.00,6,0,0,0,23,1
20260906_101630_CAM#000932_NG_NO_FEATURE.jpg,NG_NO_FEATURE,YES,B(hough_miss),2,True,Y,0,0,0.0,0.00|0.00|0.00|0.00|0.00|0.00|0.00|0.00,8,0,0,0,31,1
20260906_101632_CAM#000934_NG_NO_FEATURE.jpg,NG_NO_FEATURE,YES,B(hough_miss),2,True,Y,0,0,0.0,0.00|0.00|0.00|0.00|0.00|0.00|0.00|0.00,6,0,0,0,22,2
20260906_101633_CAM#000936_NG_NO_FEATURE.jpg,NG_NO_FEATURE,NO,-,1,True,Y,0,0,0.0,0.00|0.00|0.00|0.00|0.00|0.00|0.00|0.00,2,0,0,0,8,0
20260906_101636_CAM#000941_NG_NO_FEATURE.jpg,NG_NO_FEATURE,YES,B(hough_miss),2,True,Y,0,0,0.0,0.00|0.00|0.00|0.00|0.00|0.00|0.00|0.00,8,0,0,3,28,1
20260906_101639_CAM#000946_NG_NO_FEATURE.jpg,NG_NO_FEATURE,YES,B(hough_miss),2,True,Y,0,0,0.0,0.00|0.00|0.00|0.00|0.00|0.00|0.00|0.00,3,0,0,0,12,0
20260906_101639_CAM#000947_NG_NO_FEATURE.jpg,NG_NO_FEATURE,YES,B(hough_miss),2,True,Y,0,0,0.0,0.00|0.00|0.00|0.00|0.00|0.00|0.00|0.00,8,0,0,0,31,1
20260906_101641_CAM#000951_NG_NO_FEATURE.jpg,NG_NO_FEATURE,YES,B(hough_miss),3,True,Y,0,0,0.0,0.00|0.00|0.00|0.00|0.00|0.00|0.00|0.00,8,0,0,0,31,1
20260906_101642_CAM#000952_NG_NO_FEATURE.jpg,OK,YES,-,2,True,Y,9,3,0.881,0.88|0.88|0.88|0.88|0.88|0.87|0.84|0.81,7,9,0,0,19,0
20260906_101643_CAM#000953_NG_NO_FEATURE.jpg,OK,YES,-,2,True,Y,10,4,0.879,0.88|0.88|0.87|0.87|0.86|0.86|0.81|0.81,8,10,0,2,19,1
20260906_101644_CAM#000955_NG_NO_FEATURE.jpg,NG_NO_FEATURE,YES,B(hough_miss),3,True,Y,0,0,0.0,0.00|0.00|0.00|0.00|0.00|0.00|0.00|0.00,6,0,0,0,24,0
20260906_101644_CAM#000956_NG_NO_FEATURE.jpg,NG_NO_FEATURE,YES,B(hough_miss),3,True,Y,0,0,0.0,0.00|0.00|0.00|0.00|0.00|0.00|0.00|0.00,11,0,0,1,42,1
20260906_101645_CAM#000957_NG_NO_FEATURE.jpg,OK,YES,-,2,True,Y,8,2,0.882,0.88|0.88|0.88|0.87|0.80|0.78|0.78|0.76,8,8,3,2,19,0
20260906_101645_CAM#000958_NG_NO_FEATURE.jpg,NG_NO_FEATURE,YES,B(hough_miss),3,True,Y,5,1,0.879,0.88|0.87|0.86|0.86|0.83|0.52|0.00|0.00,8,5,1,5,20,1
20260906_101646_CAM#000960_NG_NO_FEATURE.jpg,NG_NO_FEATURE,YES,B(hough_miss),2,True,Y,0,0,0.0,0.00|0.00|0.00|0.00|0.00|0.00|0.00|0.00,7,0,0,2,25,1
20260906_101647_CAM#000961_NG_NO_FEATURE.jpg,OK,YES,-,3,True,Y,12,4,0.892,0.89|0.87|0.87|0.87|0.87|0.87|0.87|0.86,8,12,0,2,17,1
20260906_101649_CAM#000964_NG_NO_FEATURE.jpg,NG_NO_FEATURE,YES,B(hough_miss),2,True,Y,0,0,0.0,0.00|0.00|0.00|0.00|0.00|0.00|0.00|0.00,9,0,0,1,33,2
20260906_101649_CAM#000965_NG_NO_FEATURE.jpg,OK,YES,-,3,True,Y,10,4,0.867,0.87|0.86|0.86|0.86|0.86|0.86|0.86|0.85,7,10,0,1,17,0
20260906_101649_CAM#000966_NG_NO_FEATURE.jpg,NG_NO_FEATURE,YES,B(hough_miss),3,True,Y,0,0,0.0,0.00|0.00|0.00|0.00|0.00|0.00|0.00|0.00,4,0,0,1,14,1
20260906_101650_CAM#000967_NG_NO_FEATURE.jpg,NG_NO_FEATURE,YES,B(hough_miss),2,True,Y,0,0,0.0,0.00|0.00|0.00|0.00|0.00|0.00|0.00|0.00,5,0,0,1,19,0
20260906_101652_CAM#000968_NG_NO_FEATURE.jpg,OK,YES,-,3,True,Y,4,2,0.879,0.88|0.87|0.82|0.78|0.00|0.00|0.00|0.00,7,4,0,1,22,1
20260906_101652_CAM#000969_NG_NO_FEATURE.jpg,NG_NO_FEATURE,YES,B(hough_miss),3,True,Y,0,0,0.0,0.00|0.00|0.00|0.00|0.00|0.00|0.00|0.00,10,0,0,0,38,2
20260906_101653_CAM#000970_NG_NO_FEATURE.jpg,NG_NO_FEATURE,YES,B(hough_miss),2,True,Y,0,0,0.0,0.00|0.00|0.00|0.00|0.00|0.00|0.00|0.00,6,0,0,2,21,1
20260906_101653_CAM#000971_NG_NO_FEATURE.jpg,NG_NO_FEATURE,YES,B(hough_miss),3,True,Y,0,0,0.0,0.00|0.00|0.00|0.00|0.00|0.00|0.00|0.00,7,0,0,0,28,0
20260906_101654_CAM#000973_NG_NO_FEATURE.jpg,OK,YES,-,3,True,Y,3,3,0.873,0.87|0.86|0.85|0.00|0.00|0.00|0.00|0.00,9,3,0,8,24,1
20260906_101655_CAM#000974_NG_NO_FEATURE.jpg,OK,YES,-,2,True,Y,6,3,0.857,0.86|0.84|0.83|0.81|0.81|0.79|0.00|0.00,7,6,0,5,16,1
20260906_101656_CAM#000976_NG_NO_FEATURE.jpg,NG_NO_FEATURE,YES,B(hough_miss),2,True,Y,0,0,0.0,0.00|0.00|0.00|0.00|0.00|0.00|0.00|0.00,3,0,0,1,11,0
20260906_101657_CAM#000978_NG_NO_FEATURE.jpg,OK,YES,-,2,True,Y,7,2,0.873,0.87|0.87|0.86|0.86|0.84|0.81|0.81|0.00,6,7,0,0,16,1
20260906_101657_CAM#000979_NG_NO_FEATURE.jpg,NG_NO_FEATURE,YES,B(hough_miss),2,True,Y,0,0,0.0,0.00|0.00|0.00|0.00|0.00|0.00|0.00|0.00,7,0,0,0,27,1
20260906_101658_CAM#000981_NG_NO_FEATURE.jpg,NG_NO_FEATURE,YES,B(hough_miss),3,True,Y,0,0,0.0,0.00|0.00|0.00|0.00|0.00|0.00|0.00|0.00,8,0,0,1,31,0
20260906_101659_CAM#000982_NG_NO_FEATURE.jpg,NG_NO_FEATURE,YES,B(hough_miss),3,True,Y,0,0,0.0,0.00|0.00|0.00|0.00|0.00|0.00|0.00|0.00,10,0,0,1,39,0
20260906_101659_CAM#000983_NG_NO_FEATURE.jpg,NG_NO_FEATURE,YES,B(hough_miss),3,True,Y,0,0,0.0,0.00|0.00|0.00|0.00|0.00|0.00|0.00|0.00,7,0,0,0,27,1
20260906_101700_CAM#000984_NG_NO_FEATURE.jpg,OK,YES,-,3,True,Y,3,2,0.874,0.87|0.87|0.87|0.00|0.00|0.00|0.00|0.00,8,3,0,2,25,2
20260906_101700_CAM#000985_NG_NO_FEATURE.jpg,NG_NO_FEATURE,YES,B(hough_miss),2,True,Y,0,0,0.0,0.00|0.00|0.00|0.00|0.00|0.00|0.00|0.00,8,0,0,0,31,1
20260906_101702_CAM#000986_NG_NO_FEATURE.jpg,NG_NO_FEATURE,YES,B(hough_miss),3,True,Y,1,1,0.889,0.89|0.00|0.00|0.00|0.00|0.00|0.00|0.00,8,1,0,1,29,1
20260906_101703_CAM#000988_NG_NO_FEATURE.jpg,NG_NO_FEATURE,YES,B(hough_miss),2,True,Y,2,1,0.861,0.86|0.77|0.00|0.00|0.00|0.00|0.00|0.00,10,2,0,3,35,0
20260906_101705_CAM#000992_NG_NO_FEATURE.jpg,NG_NO_FEATURE,YES,B(hough_miss),3,True,Y,0,0,0.0,0.00|0.00|0.00|0.00|0.00|0.00|0.00|0.00,7,0,0,0,27,1
20260906_101706_CAM#000993_NG_NO_FEATURE.jpg,NG_NO_FEATURE,YES,B(hough_miss),2,True,Y,1,1,0.878,0.88|0.00|0.00|0.00|0.00|0.00|0.00|0.00,7,1,0,1,26,0
20260906_101707_CAM#000995_NG_NO_FEATURE.jpg,NG_NO_FEATURE,YES,B(hough_miss),2,True,Y,1,1,0.857,0.86|0.00|0.00|0.00|0.00|0.00|0.00|0.00,8,1,0,1,29,1
20260906_101707_CAM#000996_NG_NO_FEATURE.jpg,NG_NO_FEATURE,YES,B(hough_miss),3,True,Y,4,1,0.883,0.88|0.86|0.83|0.81|0.72|0.71|0.69|0.00,6,4,3,0,16,1
20260906_101708_CAM#000997_NG_NO_FEATURE.jpg,NG_NO_FEATURE,YES,B(hough_miss),3,True,Y,0,0,0.0,0.00|0.00|0.00|0.00|0.00|0.00|0.00|0.00,9,0,0,0,35,1
20260906_101709_CAM#000999_NG_NO_FEATURE.jpg,NG_NO_FEATURE,YES,B(hough_miss),3,True,Y,1,1,0.862,0.86|0.00|0.00|0.00|0.00|0.00|0.00|0.00,7,1,0,6,21,0
20260906_101719_CAM#001013_NG_NO_FEATURE.jpg,NG_NO_FEATURE,YES,B(hough_miss),2,True,Y,0,0,0.0,0.00|0.00|0.00|0.00|0.00|0.00|0.00|0.00,8,0,0,0,31,1
20260906_101721_CAM#001016_NG_NO_FEATURE.jpg,NG_NO_FEATURE,YES,B(hough_miss),2,True,Y,0,0,0.0,0.00|0.00|0.00|0.00|0.00|0.00|0.00|0.00,7,0,0,0,27,1
20260906_101721_CAM#001017_NG_NO_FEATURE.jpg,NG_NO_FEATURE,YES,B(hough_miss),3,True,Y,0,0,0.0,0.00|0.00|0.00|0.00|0.00|0.00|0.00|0.00,8,0,0,1,30,1
20260906_101722_CAM#001019_NG_NO_FEATURE.jpg,NG_NO_FEATURE,YES,B(hough_miss),3,True,Y,0,0,0.697,0.70|0.00|0.00|0.00|0.00|0.00|0.00|0.00,9,0,1,2,33,0
20260906_101723_CAM#001020_NG_NO_FEATURE.jpg,NG_NO_FEATURE,YES,B(hough_miss),3,True,Y,0,0,0.0,0.00|0.00|0.00|0.00|0.00|0.00|0.00|0.00,8,0,0,3,29,0
20260906_101724_CAM#001021_NG_NO_FEATURE.jpg,OK,YES,-,2,True,Y,5,2,0.879,0.88|0.88|0.86|0.86|0.83|0.00|0.00|0.00,7,5,0,2,21,0
20260906_101725_CAM#001024_NG_NO_FEATURE.jpg,NG_NO_FEATURE,YES,B(hough_miss),3,True,Y,5,1,0.896,0.90|0.89|0.87|0.87|0.86|0.00|0.00|0.00,9,5,0,3,27,1
20260906_101726_CAM#001025_NG_NO_FEATURE.jpg,NG_NO_FEATURE,YES,B(hough_miss),2,True,Y,0,0,0.0,0.00|0.00|0.00|0.00|0.00|0.00|0.00|0.00,6,0,0,1,22,1
20260906_101727_CAM#001027_NG_NO_FEATURE.jpg,OK,YES,-,2,True,Y,9,2,0.881,0.88|0.88|0.88|0.87|0.87|0.86|0.86|0.85,7,9,0,4,15,0
20260906_101728_CAM#001029_NG_NO_FEATURE.jpg,NG_NO_FEATURE,YES,B(hough_miss),3,True,Y,0,0,0.0,0.00|0.00|0.00|0.00|0.00|0.00|0.00|0.00,7,0,0,0,27,1
20260906_101729_CAM#001030_NG_NO_FEATURE.jpg,NG_NO_FEATURE,YES,B(hough_miss),3,True,Y,0,0,0.0,0.00|0.00|0.00|0.00|0.00|0.00|0.00|0.00,9,0,0,2,32,2
20260906_101730_CAM#001031_NG_NO_FEATURE.jpg,NG_NO_FEATURE,YES,B(hough_miss),3,True,Y,0,0,0.0,0.00|0.00|0.00|0.00|0.00|0.00|0.00|0.00,7,0,0,0,27,1
20260906_101730_CAM#001032_NG_NO_FEATURE.jpg,OK,YES,-,4,True,Y,8,2,0.866,0.87|0.86|0.86|0.86|0.86|0.85|0.85|0.85,7,8,0,0,20,0
20260906_101731_CAM#001034_NG_NO_FEATURE.jpg,NG_NO_FEATURE,YES,B(hough_miss),3,True,Y,0,0,0.0,0.00|0.00|0.00|0.00|0.00|0.00|0.00|0.00,7,0,0,1,27,0
20260906_101732_CAM#001035_NG_NO_FEATURE.jpg,NG_NO_FEATURE,YES,B(hough_miss),2,True,Y,0,0,0.0,0.00|0.00|0.00|0.00|0.00|0.00|0.00|0.00,9,0,0,0,36,0
20260906_101733_CAM#001037_NG_NO_FEATURE.jpg,NG_NO_FEATURE,YES,B(hough_miss),3,True,Y,0,0,0.0,0.00|0.00|0.00|0.00|0.00|0.00|0.00|0.00,9,0,0,0,35,1
20260906_101735_CAM#001039_NG_NO_FEATURE.jpg,NG_NO_FEATURE,YES,B(hough_miss),3,True,Y,0,0,0.0,0.00|0.00|0.00|0.00|0.00|0.00|0.00|0.00,9,0,0,0,34,2
20260906_101738_CAM#001044_NG_NO_FEATURE.jpg,OK,YES,-,3,True,Y,8,2,0.879,0.88|0.88|0.88|0.87|0.86|0.86|0.86|0.86,7,8,2,1,16,1
20260906_101738_CAM#001045_NG_NO_FEATURE.jpg,OK,YES,-,2,True,Y,10,2,0.879,0.88|0.88|0.87|0.87|0.87|0.87|0.87|0.86,7,10,1,0,17,0
20260906_101739_CAM#001046_NG_NO_FEATURE.jpg,OK,YES,-,3,True,Y,10,3,0.892,0.89|0.88|0.87|0.87|0.87|0.87|0.85|0.85,8,10,0,0,21,1
20260906_101739_CAM#001047_NG_NO_FEATURE.jpg,NG_NO_FEATURE,YES,B(hough_miss),3,True,Y,0,0,0.0,0.00|0.00|0.00|0.00|0.00|0.00|0.00|0.00,8,0,0,0,31,1
20260906_101740_CAM#001048_NG_NO_FEATURE.jpg,NG_NO_FEATURE,YES,B(hough_miss),3,True,Y,1,1,0.879,0.88|0.00|0.00|0.00|0.00|0.00|0.00|0.00,8,1,0,1,29,1
20260906_101742_CAM#001051_NG_NO_FEATURE.jpg,NG_NO_FEATURE,YES,B(hough_miss),2,True,Y,0,0,0.0,0.00|0.00|0.00|0.00|0.00|0.00|0.00|0.00,6,0,0,0,23,1
20260906_101743_CAM#001052_NG_NO_FEATURE.jpg,OK,YES,-,3,True,Y,7,2,0.864,0.86|0.86|0.86|0.86|0.86|0.86|0.83|0.00,5,7,0,1,11,1
20260906_101744_CAM#001053_NG_NO_FEATURE.jpg,NG_NO_FEATURE,YES,B(hough_miss),2,True,Y,0,0,0.0,0.00|0.00|0.00|0.00|0.00|0.00|0.00|0.00,7,0,0,0,27,1
20260906_101744_CAM#001054_NG_NO_FEATURE.jpg,NG_NO_FEATURE,YES,B(hough_miss),2,True,Y,0,0,0.0,0.00|0.00|0.00|0.00|0.00|0.00|0.00|0.00,8,0,0,1,30,1
20260906_101746_CAM#001057_NG_NO_FEATURE.jpg,NG_NO_FEATURE,YES,B(hough_miss),2,True,Y,0,0,0.0,0.00|0.00|0.00|0.00|0.00|0.00|0.00|0.00,7,0,0,1,27,0
20260906_101747_CAM#001058_NG_NO_FEATURE.jpg,OK,YES,-,3,True,Y,6,3,0.894,0.89|0.89|0.89|0.89|0.87|0.85|0.00|0.00,8,6,0,0,25,1
20260906_101749_CAM#001060_NG_NO_FEATURE.jpg,NG_NO_FEATURE,YES,B(hough_miss),3,True,Y,0,0,0.0,0.00|0.00|0.00|0.00|0.00|0.00|0.00|0.00,9,0,0,2,32,2
20260906_101750_CAM#001061_NG_NO_FEATURE.jpg,NG_NO_FEATURE,YES,B(hough_miss),3,True,Y,0,0,0.0,0.00|0.00|0.00|0.00|0.00|0.00|0.00|0.00,6,0,0,1,22,1
20260906_101751_CAM#001062_NG_NO_FEATURE.jpg,NG_NO_FEATURE,YES,B(hough_miss),2,True,Y,0,0,0.0,0.00|0.00|0.00|0.00|0.00|0.00|0.00|0.00,8,0,0,1,30,1
20260906_101753_CAM#001064_NG_NO_FEATURE.jpg,NG_NO_FEATURE,YES,B(hough_miss),2,True,Y,0,0,0.0,0.00|0.00|0.00|0.00|0.00|0.00|0.00|0.00,7,0,0,3,24,1
20260906_101754_CAM#001066_NG_NO_FEATURE.jpg,NG_NO_FEATURE,YES,B(hough_miss),3,True,Y,0,0,0.0,0.00|0.00|0.00|0.00|0.00|0.00|0.00|0.00,6,0,0,0,24,0
20260906_101755_CAM#001067_NG_NO_FEATURE.jpg,NG_NO_FEATURE,YES,B(hough_miss),3,True,Y,0,0,0.0,0.00|0.00|0.00|0.00|0.00|0.00|0.00|0.00,8,0,0,0,32,0
20260906_101755_CAM#001068_NG_NO_FEATURE.jpg,NG_NO_FEATURE,YES,B(hough_miss),2,True,Y,0,0,0.0,0.00|0.00|0.00|0.00|0.00|0.00|0.00|0.00,8,0,0,1,30,1
20260906_101756_CAM#001070_NG_NO_FEATURE.jpg,OK,YES,-,2,True,Y,3,2,0.873,0.87|0.87|0.86|0.00|0.00|0.00|0.00|0.00,8,3,0,2,26,1
20260906_101758_CAM#001072_NG_NO_FEATURE.jpg,NG_NO_FEATURE,YES,B(hough_miss),2,True,Y,0,0,0.0,0.00|0.00|0.00|0.00|0.00|0.00|0.00|0.00,10,0,0,2,36,2
20260906_101759_CAM#001073_NG_NO_FEATURE.jpg,NG_NO_FEATURE,YES,B(hough_miss),2,True,Y,1,1,0.81,0.81|0.00|0.00|0.00|0.00|0.00|0.00|0.00,9,1,0,2,32,1
20260906_101800_CAM#001074_NG_NO_FEATURE.jpg,NG_NO_FEATURE,YES,B(hough_miss),3,True,Y,0,0,0.0,0.00|0.00|0.00|0.00|0.00|0.00|0.00|0.00,10,0,0,3,36,1
20260906_101800_CAM#001075_NG_NO_FEATURE.jpg,NG_NO_FEATURE,YES,B(hough_miss),2,True,Y,0,0,0.0,0.00|0.00|0.00|0.00|0.00|0.00|0.00|0.00,11,0,0,3,39,2
20260906_101801_CAM#001076_NG_NO_FEATURE.jpg,OK,YES,-,3,True,Y,7,2,0.876,0.88|0.87|0.84|0.84|0.83|0.80|0.80|0.00,7,7,0,2,19,0
20260906_101801_CAM#001077_NG_NO_FEATURE.jpg,NG_NO_FEATURE,YES,B(hough_miss),3,True,Y,1,1,0.888,0.89|0.00|0.00|0.00|0.00|0.00|0.00|0.00,10,1,0,6,31,2
20260906_101802_CAM#001078_NG_NO_FEATURE.jpg,NG_NO_FEATURE,YES,B(hough_miss),3,True,Y,0,0,0.0,0.00|0.00|0.00|0.00|0.00|0.00|0.00|0.00,9,0,0,2,32,2
20260906_101803_CAM#001080_NG_NO_FEATURE.jpg,NG_NO_FEATURE,YES,B(hough_miss),3,True,Y,0,0,0.0,0.00|0.00|0.00|0.00|0.00|0.00|0.00|0.00,7,0,0,1,26,1
20260906_101803_CAM#001081_NG_NO_FEATURE.jpg,NG_NO_FEATURE,YES,B(hough_miss),2,True,Y,0,0,0.0,0.00|0.00|0.00|0.00|0.00|0.00|0.00|0.00,4,0,0,1,14,1
20260906_101804_CAM#001082_NG_NO_FEATURE.jpg,NG_NO_FEATURE,YES,B(hough_miss),3,True,Y,0,0,0.0,0.00|0.00|0.00|0.00|0.00|0.00|0.00|0.00,8,0,0,0,32,0
20260906_101806_CAM#001085_NG_NO_FEATURE.jpg,NG_NO_FEATURE,YES,B(hough_miss),2,True,Y,0,0,0.0,0.00|0.00|0.00|0.00|0.00|0.00|0.00|0.00,6,0,0,0,24,0
20260906_101806_CAM#001086_NG_NO_FEATURE.jpg,OK,YES,-,2,True,Y,11,4,0.885,0.89|0.87|0.87|0.87|0.87|0.87|0.87|0.87,8,11,0,0,21,0
20260906_101807_CAM#001087_NG_NO_FEATURE.jpg,NG_NO_FEATURE,YES,B(hough_miss),3,True,Y,0,0,0.0,0.00|0.00|0.00|0.00|0.00|0.00|0.00|0.00,5,0,0,1,19,0
20260906_101807_CAM#001089_NG_NO_FEATURE.jpg,NG_NO_FEATURE,YES,B(hough_miss),2,True,Y,0,0,0.0,0.00|0.00|0.00|0.00|0.00|0.00|0.00|0.00,8,0,0,4,27,1
20260906_101809_CAM#001092_NG_NO_FEATURE.jpg,NG_NO_FEATURE,YES,B(hough_miss),2,True,Y,3,1,0.873,0.87|0.87|0.86|0.00|0.00|0.00|0.00|0.00,7,3,0,0,24,1
20260906_101809_CAM#001093_NG_NO_FEATURE.jpg,OK,YES,-,3,True,Y,9,3,0.874,0.87|0.87|0.87|0.87|0.87|0.87|0.86|0.86,8,9,0,0,22,1
20260906_101810_CAM#001094_NG_NO_FEATURE.jpg,NG_NO_FEATURE,YES,B(hough_miss),2,True,Y,0,0,0.0,0.00|0.00|0.00|0.00|0.00|0.00|0.00|0.00,6,0,0,1,22,1
20260906_101810_CAM#001095_NG_NO_FEATURE.jpg,OK,YES,-,2,True,Y,11,2,0.873,0.87|0.87|0.87|0.87|0.86|0.86|0.86|0.86,8,11,0,2,18,1
20260906_101811_CAM#001096_NG_NO_FEATURE.jpg,NG_NO_FEATURE,YES,B(hough_miss),3,True,Y,0,0,0.0,0.00|0.00|0.00|0.00|0.00|0.00|0.00|0.00,5,0,0,0,20,0
20260906_101811_CAM#001097_NG_NO_FEATURE.jpg,OK,YES,-,3,True,Y,7,3,0.896,0.90|0.89|0.88|0.88|0.87|0.86|0.86|0.00,7,7,0,3,17,1
20260906_101812_CAM#001099_NG_NO_FEATURE.jpg,NG_NO_FEATURE,YES,B(hough_miss),3,True,Y,0,0,0.0,0.00|0.00|0.00|0.00|0.00|0.00|0.00|0.00,9,0,0,1,33,2
20260906_101815_CAM#001104_NG_NO_FEATURE.jpg,NG_NO_FEATURE,YES,B(hough_miss),3,True,Y,0,0,0.0,0.00|0.00|0.00|0.00|0.00|0.00|0.00|0.00,11,0,0,7,37,0
20260906_101815_CAM#001105_NG_NO_FEATURE.jpg,NG_NO_FEATURE,YES,B(hough_miss),2,True,Y,0,0,0.0,0.00|0.00|0.00|0.00|0.00|0.00|0.00|0.00,10,0,0,1,36,3
20260906_101816_CAM#001106_NG_NO_FEATURE.jpg,NG_NO_FEATURE,YES,B(hough_miss),2,True,Y,0,0,0.0,0.00|0.00|0.00|0.00|0.00|0.00|0.00|0.00,7,0,0,0,27,1
20260906_101817_CAM#001108_NG_NO_FEATURE.jpg,NG_NO_FEATURE,YES,B(hough_miss),3,True,Y,0,0,0.0,0.00|0.00|0.00|0.00|0.00|0.00|0.00|0.00,10,0,0,7,31,2
20260906_101817_CAM#001109_NG_NO_FEATURE.jpg,NG_NO_FEATURE,YES,B(hough_miss),2,True,Y,1,1,0.867,0.87|0.00|0.00|0.00|0.00|0.00|0.00|0.00,10,1,0,1,37,1
20260906_101818_CAM#001110_NG_NO_FEATURE.jpg,NG_NO_FEATURE,YES,B(hough_miss),3,True,Y,0,0,0.0,0.00|0.00|0.00|0.00|0.00|0.00|0.00|0.00,8,0,0,3,29,0
20260906_101818_CAM#001111_NG_NO_FEATURE.jpg,NG_NO_FEATURE,YES,B(hough_miss),2,True,Y,2,1,0.861,0.86|0.86|0.00|0.00|0.00|0.00|0.00|0.00,5,2,0,2,15,1
20260906_101819_CAM#001112_NG_NO_FEATURE.jpg,NG_NO_FEATURE,YES,B(hough_miss),3,True,Y,2,1,0.85,0.85|0.85|0.00|0.00|0.00|0.00|0.00|0.00,9,2,0,0,33,1
20260906_101820_CAM#001114_NG_NO_FEATURE.jpg,NG_NO_FEATURE,YES,B(hough_miss),2,True,Y,0,0,0.0,0.00|0.00|0.00|0.00|0.00|0.00|0.00|0.00,8,0,0,0,31,1
20260906_101820_CAM#001115_NG_NO_FEATURE.jpg,NG_NO_FEATURE,YES,B(hough_miss),3,True,Y,0,0,0.0,0.00|0.00|0.00|0.00|0.00|0.00|0.00|0.00,7,0,0,3,24,1
20260906_101821_CAM#001116_NG_NO_FEATURE.jpg,NG_NO_FEATURE,YES,B(hough_miss),2,True,Y,0,0,0.0,0.00|0.00|0.00|0.00|0.00|0.00|0.00|0.00,8,0,0,1,30,1
20260906_101822_CAM#001119_NG_NO_FEATURE.jpg,NG_NO_FEATURE,YES,B(hough_miss),2,True,Y,1,1,0.83,0.83|0.00|0.00|0.00|0.00|0.00|0.00|0.00,8,1,0,3,28,0
20260906_101823_CAM#001120_NG_NO_FEATURE.jpg,OK,YES,-,2,True,Y,12,2,0.89,0.89|0.89|0.88|0.88|0.86|0.86|0.85|0.85,7,12,0,1,14,1
20260906_101824_CAM#001123_NG_NO_FEATURE.jpg,NG_NO_FEATURE,YES,B(hough_miss),3,True,Y,0,0,0.0,0.00|0.00|0.00|0.00|0.00|0.00|0.00|0.00,7,0,0,3,25,0
20260906_101825_CAM#001124_NG_NO_FEATURE.jpg,NG_NO_FEATURE,YES,B(hough_miss),3,True,Y,2,1,0.865,0.86|0.78|0.00|0.00|0.00|0.00|0.00|0.00,7,2,0,1,24,1
20260906_101826_CAM#001126_NG_NO_FEATURE.jpg,NG_NO_FEATURE,YES,B(hough_miss),2,True,Y,2,1,0.841,0.84|0.81|0.00|0.00|0.00|0.00|0.00|0.00,8,2,0,0,29,1
20260906_101831_CAM#001130_NG_NO_FEATURE.jpg,NG_NO_FEATURE,YES,B(hough_miss),3,True,Y,1,1,0.879,0.88|0.00|0.00|0.00|0.00|0.00|0.00|0.00,8,1,0,0,30,1
20260906_101832_CAM#001131_NG_NO_FEATURE.jpg,NG_NO_FEATURE,YES,B(hough_miss),2,True,Y,1,1,0.846,0.85|0.00|0.00|0.00|0.00|0.00|0.00|0.00,10,1,0,2,36,1
20260906_101832_CAM#001132_NG_NO_FEATURE.jpg,OK,YES,-,3,True,Y,3,2,0.864,0.86|0.86|0.85|0.73|0.00|0.00|0.00|0.00,5,3,1,2,13,1
20260906_101833_CAM#001133_NG_NO_FEATURE.jpg,NG_NO_FEATURE,YES,B(hough_miss),2,True,Y,0,0,0.0,0.00|0.00|0.00|0.00|0.00|0.00|0.00|0.00,4,0,0,0,15,1
20260906_101833_CAM#001134_NG_NO_FEATURE.jpg,NG_NO_FEATURE,YES,B(hough_miss),3,True,Y,0,0,0.0,0.00|0.00|0.00|0.00|0.00|0.00|0.00|0.00,12,0,0,1,45,2
20260906_101834_CAM#001135_NG_NO_FEATURE.jpg,OK,YES,-,3,True,Y,5,2,0.873,0.87|0.85|0.85|0.84|0.81|0.72|0.00|0.00,8,5,1,2,23,1
20260906_101835_CAM#001138_NG_NO_FEATURE.jpg,NG_NO_FEATURE,YES,B(hough_miss),4,True,Y,0,0,0.0,0.00|0.00|0.00|0.00|0.00|0.00|0.00|0.00,5,0,0,0,19,1
20260906_101836_CAM#001139_NG_NO_FEATURE.jpg,NG_NO_FEATURE,YES,B(gate_miss),2,True,Y,7,1,0.898,0.90|0.88|0.88|0.88|0.87|0.80|0.79|0.00,7,7,0,9,11,1
20260906_101838_CAM#001142_NG_NO_FEATURE.jpg,NG_NO_FEATURE,YES,B(hough_miss),2,True,Y,0,0,0.0,0.00|0.00|0.00|0.00|0.00|0.00|0.00|0.00,7,0,0,2,26,0
20260906_101841_CAM#001148_NG_NO_FEATURE.jpg,NG_NO_FEATURE,YES,B(hough_miss),2,True,Y,1,1,0.864,0.86|0.00|0.00|0.00|0.00|0.00|0.00|0.00,9,1,0,1,33,1
20260906_101842_CAM#001149_NG_NO_FEATURE.jpg,NG_NO_FEATURE,YES,B(hough_miss),3,True,Y,0,0,0.0,0.00|0.00|0.00|0.00|0.00|0.00|0.00|0.00,8,0,0,0,31,1
20260906_101843_CAM#001151_NG_NO_FEATURE.jpg,OK,YES,-,2,True,Y,9,3,0.864,0.86|0.86|0.85|0.85|0.85|0.85|0.83|0.83,8,9,1,3,18,1
20260906_101844_CAM#001152_NG_NO_FEATURE.jpg,NG_NO_FEATURE,YES,B(hough_miss),2,True,Y,0,0,0.0,0.00|0.00|0.00|0.00|0.00|0.00|0.00|0.00,7,0,0,0,27,1
20260906_101845_CAM#001153_NG_NO_FEATURE.jpg,NG_NO_FEATURE,YES,B(hough_miss),3,True,Y,1,1,0.865,0.86|0.00|0.00|0.00|0.00|0.00|0.00|0.00,10,1,0,2,35,2
20260906_101845_CAM#001154_NG_NO_FEATURE.jpg,NG_NO_FEATURE,YES,B(hough_miss),2,True,Y,0,0,0.0,0.00|0.00|0.00|0.00|0.00|0.00|0.00|0.00,7,0,0,0,27,1
20260906_101846_CAM#001156_NG_NO_FEATURE.jpg,NG_NO_FEATURE,YES,B(hough_miss),2,True,Y,0,0,0.0,0.00|0.00|0.00|0.00|0.00|0.00|0.00|0.00,7,0,0,0,27,1
20260906_101850_CAM#001157_NG_NO_FEATURE.jpg,NG_NO_FEATURE,YES,B(hough_miss),3,True,Y,0,0,0.0,0.00|0.00|0.00|0.00|0.00|0.00|0.00|0.00,2,0,0,0,8,0
20260906_102905_CAM#001158_NG_NO_FEATURE.jpg,NG_NO_FEATURE,YES,B(hough_miss),2,True,Y,0,0,0.0,0.00|0.00|0.00|0.00|0.00|0.00|0.00|0.00,11,0,0,0,44,0
